Series ID,Year,Period,Label,Value
California State,2000,M01,2000 Jan,5.0
California State,2000,M02,2000 Feb,5.0
California State,2000,M03,2000 Mar,5.0
California State,2000,M04,2000 Apr,5.0
California State,2000,M05,2000 May,5.0
California State,2000,M06,2000 Jun,5.0
California State,2000,M07,2000 Jul,5.0
California State,2000,M08,2000 Aug,4.9
California State,2000,M09,2000 Sep,4.8
California State,2000,M10,2000 Oct,4.8
California State,2000,M11,2000 Nov,4.8
California State,2000,M12,2000 Dec,4.8
California State,2001,M01,2001 Jan,4.8
California State,2001,M02,2001 Feb,4.8
California State,2001,M03,2001 Mar,4.9
California State,2001,M04,2001 Apr,5.0
California State,2001,M05,2001 May,5.1
California State,2001,M06,2001 Jun,5.2
California State,2001,M07,2001 Jul,5.4
California State,2001,M08,2001 Aug,5.6
California State,2001,M09,2001 Sep,5.9
California State,2001,M10,2001 Oct,6.1
California State,2001,M11,2001 Nov,6.3
California State,2001,M12,2001 Dec,6.5
California State,2002,M01,2002 Jan,6.6
California State,2002,M02,2002 Feb,6.7
California State,2002,M03,2002 Mar,6.7
California State,2002,M04,2002 Apr,6.7
California State,2002,M05,2002 May,6.8
California State,2002,M06,2002 Jun,6.8
California State,2002,M07,2002 Jul,6.8
California State,2002,M08,2002 Aug,6.7
California State,2002,M09,2002 Sep,6.8
California State,2002,M10,2002 Oct,6.8
California State,2002,M11,2002 Nov,6.8
California State,2002,M12,2002 Dec,6.9
California State,2003,M01,2003 Jan,6.9
California State,2003,M02,2003 Feb,6.9
California State,2003,M03,2003 Mar,6.9
California State,2003,M04,2003 Apr,7.0
California State,2003,M05,2003 May,7.0
California State,2003,M06,2003 Jun,7.0
California State,2003,M07,2003 Jul,7.0
California State,2003,M08,2003 Aug,7.0
California State,2003,M09,2003 Sep,6.9
California State,2003,M10,2003 Oct,6.8
California State,2003,M11,2003 Nov,6.7
California State,2003,M12,2003 Dec,6.6
California State,2004,M01,2004 Jan,6.6
California State,2004,M02,2004 Feb,6.5
California State,2004,M03,2004 Mar,6.5
California State,2004,M04,2004 Apr,6.4
California State,2004,M05,2004 May,6.4
California State,2004,M06,2004 Jun,6.3
California State,2004,M07,2004 Jul,6.2
California State,2004,M08,2004 Aug,6.1
California State,2004,M09,2004 Sep,6.0
California State,2004,M10,2004 Oct,5.9
California State,2004,M11,2004 Nov,5.9
California State,2004,M12,2004 Dec,5.8
California State,2005,M01,2005 Jan,5.8
California State,2005,M02,2005 Feb,5.7
California State,2005,M03,2005 Mar,5.6
California State,2005,M04,2005 Apr,5.5
California State,2005,M05,2005 May,5.4
California State,2005,M06,2005 Jun,5.3
California State,2005,M07,2005 Jul,5.3
California State,2005,M08,2005 Aug,5.3
California State,2005,M09,2005 Sep,5.2
California State,2005,M10,2005 Oct,5.2
California State,2005,M11,2005 Nov,5.2
California State,2005,M12,2005 Dec,5.1
California State,2006,M01,2006 Jan,5.0
California State,2006,M02,2006 Feb,5.0
California State,2006,M03,2006 Mar,4.9
California State,2006,M04,2006 Apr,4.9
California State,2006,M05,2006 May,4.9
California State,2006,M06,2006 Jun,4.9
California State,2006,M07,2006 Jul,4.9
California State,2006,M08,2006 Aug,4.9
California State,2006,M09,2006 Sep,4.9
California State,2006,M10,2006 Oct,4.9
California State,2006,M11,2006 Nov,4.9
California State,2006,M12,2006 Dec,4.9
California State,2007,M01,2007 Jan,4.9
California State,2007,M02,2007 Feb,5.0
California State,2007,M03,2007 Mar,5.0
California State,2007,M04,2007 Apr,5.1
California State,2007,M05,2007 May,5.1
California State,2007,M06,2007 Jun,5.2
California State,2007,M07,2007 Jul,5.3
California State,2007,M08,2007 Aug,5.4
California State,2007,M09,2007 Sep,5.5
California State,2007,M10,2007 Oct,5.7
California State,2007,M11,2007 Nov,5.7
California State,2007,M12,2007 Dec,5.8
California State,2008,M01,2008 Jan,5.9
California State,2008,M02,2008 Feb,6.0
California State,2008,M03,2008 Mar,6.2
California State,2008,M04,2008 Apr,6.4
California State,2008,M05,2008 May,6.7
California State,2008,M06,2008 Jun,7.0
California State,2008,M07,2008 Jul,7.3
California State,2008,M08,2008 Aug,7.6
California State,2008,M09,2008 Sep,8.0
California State,2008,M10,2008 Oct,8.4
California State,2008,M11,2008 Nov,8.8
California State,2008,M12,2008 Dec,9.3
California State,2009,M01,2009 Jan,9.9
California State,2009,M02,2009 Feb,10.4
California State,2009,M03,2009 Mar,10.8
California State,2009,M04,2009 Apr,11.2
California State,2009,M05,2009 May,11.4
California State,2009,M06,2009 Jun,11.7
California State,2009,M07,2009 Jul,11.8
California State,2009,M08,2009 Aug,12.0
California State,2009,M09,2009 Sep,12.1
California State,2009,M10,2009 Oct,12.3
California State,2009,M11,2009 Nov,12.4
California State,2009,M12,2009 Dec,12.5
California State,2010,M01,2010 Jan,12.6
California State,2010,M02,2010 Feb,12.6
California State,2010,M03,2010 Mar,12.6
California State,2010,M04,2010 Apr,12.5
California State,2010,M05,2010 May,12.5
California State,2010,M06,2010 Jun,12.4
California State,2010,M07,2010 Jul,12.3
California State,2010,M08,2010 Aug,12.4
California State,2010,M09,2010 Sep,12.4
California State,2010,M10,2010 Oct,12.4
California State,2010,M11,2010 Nov,12.4
California State,2010,M12,2010 Dec,12.4
California State,2011,M01,2011 Jan,12.3
California State,2011,M02,2011 Feb,12.2
California State,2011,M03,2011 Mar,12.1
California State,2011,M04,2011 Apr,12.0
California State,2011,M05,2011 May,12.0
California State,2011,M06,2011 Jun,12.0
California State,2011,M07,2011 Jul,12.0
California State,2011,M08,2011 Aug,11.9
California State,2011,M09,2011 Sep,11.8
California State,2011,M10,2011 Oct,11.6
California State,2011,M11,2011 Nov,11.5
California State,2011,M12,2011 Dec,11.3
California State,2012,M01,2012 Jan,11.2
California State,2012,M02,2012 Feb,11.0
California State,2012,M03,2012 Mar,11.0
California State,2012,M04,2012 Apr,10.9
California State,2012,M05,2012 May,10.8
California State,2012,M06,2012 Jun,10.7
California State,2012,M07,2012 Jul,10.5
California State,2012,M08,2012 Aug,10.3
California State,2012,M09,2012 Sep,10.2
California State,2012,M10,2012 Oct,10.0
California State,2012,M11,2012 Nov,9.9
California State,2012,M12,2012 Dec,9.8
California State,2013,M01,2013 Jan,9.7
California State,2013,M02,2013 Feb,9.5
California State,2013,M03,2013 Mar,9.4
California State,2013,M04,2013 Apr,9.3
California State,2013,M05,2013 May,9.2
California State,2013,M06,2013 Jun,9.1
California State,2013,M07,2013 Jul,9.0
California State,2013,M08,2013 Aug,8.9
California State,2013,M09,2013 Sep,8.8
California State,2013,M10,2013 Oct,8.6
California State,2013,M11,2013 Nov,8.5
California State,2013,M12,2013 Dec,8.4
California State,2014,M01,2014 Jan,8.2
California State,2014,M02,2014 Feb,8.1
California State,2014,M03,2014 Mar,8.0
California State,2014,M04,2014 Apr,7.8
California State,2014,M05,2014 May,7.7
California State,2014,M06,2014 Jun,7.6
California State,2014,M07,2014 Jul,7.5
California State,2014,M08,2014 Aug,7.4
California State,2014,M09,2014 Sep,7.3
California State,2014,M10,2014 Oct,7.2
California State,2014,M11,2014 Nov,7.1
California State,2014,M12,2014 Dec,6.9
California State,2015,M01,2015 Jan,6.8
California State,2015,M02,2015 Feb,6.7
California State,2015,M03,2015 Mar,6.6
California State,2015,M04,2015 Apr,6.5
California State,2015,M05,2015 May,6.4
California State,2015,M06,2015 Jun,6.3
California State,2015,M07,2015 Jul,6.2
California State,2015,M08,2015 Aug,6.0
California State,2015,M09,2015 Sep,5.9
California State,2015,M10,2015 Oct,5.8
California State,2015,M11,2015 Nov,5.8
California State,2015,M12,2015 Dec,5.7
California State,2016,M01,2016 Jan,5.7
California State,2016,M02,2016 Feb,5.6
California State,2016,M03,2016 Mar,5.6
California State,2016,M04,2016 Apr,5.5
California State,2016,M05,2016 May,5.5
California State,2016,M06,2016 Jun,5.5
California State,2016,M07,2016 Jul,5.5
California State,2016,M08,2016 Aug,5.5
California State,2016,M09,2016 Sep,5.5
California State,2016,M10,2016 Oct,5.5
California State,2016,M11,2016 Nov,5.4
California State,2016,M12,2016 Dec,5.4
California State,2017,M01,2017 Jan,5.2
California State,2017,M02,2017 Feb,5.1
California State,2017,M03,2017 Mar,5.0
California State,2017,M04,2017 Apr,5.0
California State,2017,M05,2017 May,4.9
California State,2017,M06,2017 Jun,4.9
California State,2017,M07,2017 Jul,4.8
California State,2017,M08,2017 Aug,4.8
California State,2017,M09,2017 Sep,4.7
California State,2017,M10,2017 Oct,4.6
California State,2017,M11,2017 Nov,4.5
California State,2017,M12,2017 Dec,4.5
California State,2018,M01,2018 Jan,4.4
California State,2018,M02,2018 Feb,4.3
California State,2018,M03,2018 Mar,4.3
California State,2018,M04,2018 Apr,4.2
California State,2018,M05,2018 May,4.2
California State,2018,M06,2018 Jun,4.2
California State,2018,M07,2018 Jul,4.2
California State,2018,M08,2018 Aug,4.2
California State,2018,M09,2018 Sep,4.2
California State,2018,M10,2018 Oct,4.3
California State,2018,M11,2018 Nov,4.3
California State,2018,M12,2018 Dec,4.3
California State,2019,M01,2019 Jan,4.3
California State,2019,M02,2019 Feb,4.2
California State,2019,M03,2019 Mar,4.2
California State,2019,M04,2019 Apr,4.1
California State,2019,M05,2019 May,4.1
California State,2019,M06,2019 Jun,4.0
California State,2019,M07,2019 Jul,4.0
California State,2019,M08,2019 Aug,4.1
California State,2019,M09,2019 Sep,4.1
California State,2019,M10,2019 Oct,4.1
California State,2019,M11,2019 Nov,4.1
California State,2019,M12,2019 Dec,4.1
California State,2020,M01,2020 Jan,4.1
California State,2020,M02,2020 Feb,4.1
California State,2020,M03,2020 Mar,5.5
California State,2020,M04,2020 Apr,15.9
California State,2020,M05,2020 May,16.1
California State,2020,M06,2020 Jun,14.1
California State,2020,M07,2020 Jul,13.4
California State,2020,M08,2020 Aug,11.9
California State,2020,M09,2020 Sep,10.3
California State,2020,M10,2020 Oct,9.5
California State,2020,M11,2020 Nov,9.2
California State,2020,M12,2020 Dec,9.2
California State,2021,M01,2021 Jan,8.8
California State,2021,M02,2021 Feb,8.6
California State,2021,M03,2021 Mar,8.4
California State,2021,M04,2021 Apr,8.3
California State,2021,M05,2021 May,7.9
California State,2021,M06,2021 Jun,7.9
California State,2021,M07,2021 Jul,7.4
California State,2021,M08,2021 Aug,7.0
California State,2021,M09,2021 Sep,6.4
California State,2021,M10,2021 Oct,6.1
California State,2021,M11,2021 Nov,5.8
California State,2021,M12,2021 Dec,5.8
California State,2022,M01,2022 Jan,5.7
California State,2022,M02,2022 Feb,5.3
California State,2022,M03,2022 Mar,4.8
California State,2022,M04,2022 Apr,4.6
California State,2022,M05,2022 May,4.3
California State,2022,M06,2022 Jun,4.2
California State,2022,M07,2022 Jul,3.9
California State,2022,M08,2022 Aug,4.1
California State,2022,M09,2022 Sep,3.8
California State,2022,M10,2022 Oct,4.0
Alameda,2000,M01,2000 Jan,3.8
Alameda,2000,M02,2000 Feb,3.7
Alameda,2000,M03,2000 Mar,3.8
Alameda,2000,M04,2000 Apr,3.4
Alameda,2000,M05,2000 May,3.4
Alameda,2000,M06,2000 Jun,3.9
Alameda,2000,M07,2000 Jul,4.0
Alameda,2000,M08,2000 Aug,3.9
Alameda,2000,M09,2000 Sep,3.5
Alameda,2000,M10,2000 Oct,3.3
Alameda,2000,M11,2000 Nov,3.3
Alameda,2000,M12,2000 Dec,2.9
Alameda,2001,M01,2001 Jan,3.7
Alameda,2001,M02,2001 Feb,3.6
Alameda,2001,M03,2001 Mar,3.9
Alameda,2001,M04,2001 Apr,3.9
Alameda,2001,M05,2001 May,3.9
Alameda,2001,M06,2001 Jun,4.8
Alameda,2001,M07,2001 Jul,5.2
Alameda,2001,M08,2001 Aug,5.5
Alameda,2001,M09,2001 Sep,5.4
Alameda,2001,M10,2001 Oct,5.9
Alameda,2001,M11,2001 Nov,6.1
Alameda,2001,M12,2001 Dec,5.8
Alameda,2002,M01,2002 Jan,6.8
Alameda,2002,M02,2002 Feb,6.6
Alameda,2002,M03,2002 Mar,6.8
Alameda,2002,M04,2002 Apr,6.6
Alameda,2002,M05,2002 May,6.4
Alameda,2002,M06,2002 Jun,7.0
Alameda,2002,M07,2002 Jul,7.1
Alameda,2002,M08,2002 Aug,7.0
Alameda,2002,M09,2002 Sep,6.7
Alameda,2002,M10,2002 Oct,6.7
Alameda,2002,M11,2002 Nov,6.8
Alameda,2002,M12,2002 Dec,6.6
Alameda,2003,M01,2003 Jan,7.2
Alameda,2003,M02,2003 Feb,7.1
Alameda,2003,M03,2003 Mar,7.1
Alameda,2003,M04,2003 Apr,6.9
Alameda,2003,M05,2003 May,6.7
Alameda,2003,M06,2003 Jun,7.6
Alameda,2003,M07,2003 Jul,7.4
Alameda,2003,M08,2003 Aug,7.1
Alameda,2003,M09,2003 Sep,6.8
Alameda,2003,M10,2003 Oct,6.6
Alameda,2003,M11,2003 Nov,6.5
Alameda,2003,M12,2003 Dec,6.0
Alameda,2004,M01,2004 Jan,6.6
Alameda,2004,M02,2004 Feb,6.4
Alameda,2004,M03,2004 Mar,6.6
Alameda,2004,M04,2004 Apr,6.0
Alameda,2004,M05,2004 May,5.7
Alameda,2004,M06,2004 Jun,6.1
Alameda,2004,M07,2004 Jul,6.2
Alameda,2004,M08,2004 Aug,5.8
Alameda,2004,M09,2004 Sep,5.4
Alameda,2004,M10,2004 Oct,5.4
Alameda,2004,M11,2004 Nov,5.3
Alameda,2004,M12,2004 Dec,5.0
Alameda,2005,M01,2005 Jan,5.5
Alameda,2005,M02,2005 Feb,5.6
Alameda,2005,M03,2005 Mar,5.4
Alameda,2005,M04,2005 Apr,5.0
Alameda,2005,M05,2005 May,4.8
Alameda,2005,M06,2005 Jun,5.3
Alameda,2005,M07,2005 Jul,5.4
Alameda,2005,M08,2005 Aug,5.1
Alameda,2005,M09,2005 Sep,5.0
Alameda,2005,M10,2005 Oct,4.9
Alameda,2005,M11,2005 Nov,4.9
Alameda,2005,M12,2005 Dec,4.4
Alameda,2006,M01,2006 Jan,4.7
Alameda,2006,M02,2006 Feb,4.7
Alameda,2006,M03,2006 Mar,4.6
Alameda,2006,M04,2006 Apr,4.3
Alameda,2006,M05,2006 May,4.1
Alameda,2006,M06,2006 Jun,4.6
Alameda,2006,M07,2006 Jul,4.9
Alameda,2006,M08,2006 Aug,4.7
Alameda,2006,M09,2006 Sep,4.3
Alameda,2006,M10,2006 Oct,4.1
Alameda,2006,M11,2006 Nov,4.3
Alameda,2006,M12,2006 Dec,4.0
Alameda,2007,M01,2007 Jan,4.6
Alameda,2007,M02,2007 Feb,4.5
Alameda,2007,M03,2007 Mar,4.5
Alameda,2007,M04,2007 Apr,4.3
Alameda,2007,M05,2007 May,4.2
Alameda,2007,M06,2007 Jun,4.8
Alameda,2007,M07,2007 Jul,5.1
Alameda,2007,M08,2007 Aug,4.9
Alameda,2007,M09,2007 Sep,4.7
Alameda,2007,M10,2007 Oct,4.8
Alameda,2007,M11,2007 Nov,4.7
Alameda,2007,M12,2007 Dec,4.7
Alameda,2008,M01,2008 Jan,5.1
Alameda,2008,M02,2008 Feb,5.0
Alameda,2008,M03,2008 Mar,5.4
Alameda,2008,M04,2008 Apr,5.0
Alameda,2008,M05,2008 May,5.5
Alameda,2008,M06,2008 Jun,6.2
Alameda,2008,M07,2008 Jul,6.6
Alameda,2008,M08,2008 Aug,6.9
Alameda,2008,M09,2008 Sep,6.7
Alameda,2008,M10,2008 Oct,7.0
Alameda,2008,M11,2008 Nov,7.4
Alameda,2008,M12,2008 Dec,7.8
Alameda,2009,M01,2009 Jan,9.2
Alameda,2009,M02,2009 Feb,9.7
Alameda,2009,M03,2009 Mar,10.3
Alameda,2009,M04,2009 Apr,10.1
Alameda,2009,M05,2009 May,10.5
Alameda,2009,M06,2009 Jun,11.3
Alameda,2009,M07,2009 Jul,11.5
Alameda,2009,M08,2009 Aug,11.5
Alameda,2009,M09,2009 Sep,11.3
Alameda,2009,M10,2009 Oct,11.3
Alameda,2009,M11,2009 Nov,11.0
Alameda,2009,M12,2009 Dec,10.9
Alameda,2010,M01,2010 Jan,11.6
Alameda,2010,M02,2010 Feb,11.4
Alameda,2010,M03,2010 Mar,11.4
Alameda,2010,M04,2010 Apr,11.1
Alameda,2010,M05,2010 May,10.8
Alameda,2010,M06,2010 Jun,11.2
Alameda,2010,M07,2010 Jul,11.5
Alameda,2010,M08,2010 Aug,11.5
Alameda,2010,M09,2010 Sep,10.9
Alameda,2010,M10,2010 Oct,10.8
Alameda,2010,M11,2010 Nov,11.0
Alameda,2010,M12,2010 Dec,10.5
Alameda,2011,M01,2011 Jan,11.0
Alameda,2011,M02,2011 Feb,10.7
Alameda,2011,M03,2011 Mar,10.6
Alameda,2011,M04,2011 Apr,10.1
Alameda,2011,M05,2011 May,10.0
Alameda,2011,M06,2011 Jun,10.7
Alameda,2011,M07,2011 Jul,10.7
Alameda,2011,M08,2011 Aug,10.5
Alameda,2011,M09,2011 Sep,10.2
Alameda,2011,M10,2011 Oct,9.9
Alameda,2011,M11,2011 Nov,9.5
Alameda,2011,M12,2011 Dec,9.2
Alameda,2012,M01,2012 Jan,9.5
Alameda,2012,M02,2012 Feb,9.4
Alameda,2012,M03,2012 Mar,9.3
Alameda,2012,M04,2012 Apr,8.7
Alameda,2012,M05,2012 May,8.7
Alameda,2012,M06,2012 Jun,9.3
Alameda,2012,M07,2012 Jul,9.4
Alameda,2012,M08,2012 Aug,9.1
Alameda,2012,M09,2012 Sep,8.3
Alameda,2012,M10,2012 Oct,8.3
Alameda,2012,M11,2012 Nov,8.0
Alameda,2012,M12,2012 Dec,7.9
Alameda,2013,M01,2013 Jan,8.4
Alameda,2013,M02,2013 Feb,7.9
Alameda,2013,M03,2013 Mar,7.7
Alameda,2013,M04,2013 Apr,7.1
Alameda,2013,M05,2013 May,7.1
Alameda,2013,M06,2013 Jun,7.8
Alameda,2013,M07,2013 Jul,7.7
Alameda,2013,M08,2013 Aug,7.4
Alameda,2013,M09,2013 Sep,7.0
Alameda,2013,M10,2013 Oct,7.0
Alameda,2013,M11,2013 Nov,6.6
Alameda,2013,M12,2013 Dec,6.2
Alameda,2014,M01,2014 Jan,6.6
Alameda,2014,M02,2014 Feb,6.5
Alameda,2014,M03,2014 Mar,6.5
Alameda,2014,M04,2014 Apr,5.6
Alameda,2014,M05,2014 May,5.6
Alameda,2014,M06,2014 Jun,6.0
Alameda,2014,M07,2014 Jul,6.4
Alameda,2014,M08,2014 Aug,6.2
Alameda,2014,M09,2014 Sep,5.6
Alameda,2014,M10,2014 Oct,5.5
Alameda,2014,M11,2014 Nov,5.4
Alameda,2014,M12,2014 Dec,4.9
Alameda,2015,M01,2015 Jan,5.4
Alameda,2015,M02,2015 Feb,5.1
Alameda,2015,M03,2015 Mar,5.0
Alameda,2015,M04,2015 Apr,4.7
Alameda,2015,M05,2015 May,4.7
Alameda,2015,M06,2015 Jun,5.0
Alameda,2015,M07,2015 Jul,5.1
Alameda,2015,M08,2015 Aug,4.8
Alameda,2015,M09,2015 Sep,4.4
Alameda,2015,M10,2015 Oct,4.5
Alameda,2015,M11,2015 Nov,4.4
Alameda,2015,M12,2015 Dec,4.2
Alameda,2016,M01,2016 Jan,4.5
Alameda,2016,M02,2016 Feb,4.4
Alameda,2016,M03,2016 Mar,4.5
Alameda,2016,M04,2016 Apr,4.2
Alameda,2016,M05,2016 May,3.9
Alameda,2016,M06,2016 Jun,4.6
Alameda,2016,M07,2016 Jul,4.7
Alameda,2016,M08,2016 Aug,4.6
Alameda,2016,M09,2016 Sep,4.3
Alameda,2016,M10,2016 Oct,4.3
Alameda,2016,M11,2016 Nov,4.0
Alameda,2016,M12,2016 Dec,3.9
Alameda,2017,M01,2017 Jan,4.3
Alameda,2017,M02,2017 Feb,4.0
Alameda,2017,M03,2017 Mar,3.9
Alameda,2017,M04,2017 Apr,3.6
Alameda,2017,M05,2017 May,3.4
Alameda,2017,M06,2017 Jun,3.9
Alameda,2017,M07,2017 Jul,4.1
Alameda,2017,M08,2017 Aug,4.0
Alameda,2017,M09,2017 Sep,3.5
Alameda,2017,M10,2017 Oct,3.4
Alameda,2017,M11,2017 Nov,3.2
Alameda,2017,M12,2017 Dec,3.1
Alameda,2018,M01,2018 Jan,3.4
Alameda,2018,M02,2018 Feb,3.3
Alameda,2018,M03,2018 Mar,3.1
Alameda,2018,M04,2018 Apr,2.8
Alameda,2018,M05,2018 May,2.6
Alameda,2018,M06,2018 Jun,3.3
Alameda,2018,M07,2018 Jul,3.3
Alameda,2018,M08,2018 Aug,3.2
Alameda,2018,M09,2018 Sep,2.9
Alameda,2018,M10,2018 Oct,3.0
Alameda,2018,M11,2018 Nov,2.9
Alameda,2018,M12,2018 Dec,3.0
Alameda,2019,M01,2019 Jan,3.5
Alameda,2019,M02,2019 Feb,3.1
Alameda,2019,M03,2019 Mar,3.2
Alameda,2019,M04,2019 Apr,2.7
Alameda,2019,M05,2019 May,2.7
Alameda,2019,M06,2019 Jun,3.2
Alameda,2019,M07,2019 Jul,3.3
Alameda,2019,M08,2019 Aug,3.2
Alameda,2019,M09,2019 Sep,2.7
Alameda,2019,M10,2019 Oct,2.9
Alameda,2019,M11,2019 Nov,2.8
Alameda,2019,M12,2019 Dec,2.7
Alameda,2020,M01,2020 Jan,3.1
Alameda,2020,M02,2020 Feb,2.9
Alameda,2020,M03,2020 Mar,4.4
Alameda,2020,M04,2020 Apr,14.4
Alameda,2020,M05,2020 May,14.5
Alameda,2020,M06,2020 Jun,13.1
Alameda,2020,M07,2020 Jul,12.3
Alameda,2020,M08,2020 Aug,10.3
Alameda,2020,M09,2020 Sep,9.6
Alameda,2020,M10,2020 Oct,8.4
Alameda,2020,M11,2020 Nov,8.0
Alameda,2020,M12,2020 Dec,7.8
Alameda,2021,M01,2021 Jan,7.7
Alameda,2021,M02,2021 Feb,7.4
Alameda,2021,M03,2021 Mar,7.2
Alameda,2021,M04,2021 Apr,6.9
Alameda,2021,M05,2021 May,6.3
Alameda,2021,M06,2021 Jun,6.9
Alameda,2021,M07,2021 Jul,6.5
Alameda,2021,M08,2021 Aug,6.1
Alameda,2021,M09,2021 Sep,5.1
Alameda,2021,M10,2021 Oct,4.8
Alameda,2021,M11,2021 Nov,4.2
Alameda,2021,M12,2021 Dec,3.8
Alameda,2022,M01,2022 Jan,4.4
Alameda,2022,M02,2022 Feb,3.8
Alameda,2022,M03,2022 Mar,3.2
Alameda,2022,M04,2022 Apr,2.8
Alameda,2022,M05,2022 May,2.5
Alameda,2022,M06,2022 Jun,3.0
Alameda,2022,M07,2022 Jul,2.9
Alameda,2022,M08,2022 Aug,3.1
Alameda,2022,M09,2022 Sep,2.9
Alameda,2022,M10,2022 Oct,2.9
Contra Costa,2000,M01,2000 Jan,3.8
Contra Costa,2000,M02,2000 Feb,3.7
Contra Costa,2000,M03,2000 Mar,3.8
Contra Costa,2000,M04,2000 Apr,3.3
Contra Costa,2000,M05,2000 May,3.4
Contra Costa,2000,M06,2000 Jun,3.8
Contra Costa,2000,M07,2000 Jul,3.8
Contra Costa,2000,M08,2000 Aug,3.7
Contra Costa,2000,M09,2000 Sep,3.4
Contra Costa,2000,M10,2000 Oct,3.2
Contra Costa,2000,M11,2000 Nov,3.2
Contra Costa,2000,M12,2000 Dec,3.0
Contra Costa,2001,M01,2001 Jan,3.7
Contra Costa,2001,M02,2001 Feb,3.5
Contra Costa,2001,M03,2001 Mar,3.7
Contra Costa,2001,M04,2001 Apr,3.5
Contra Costa,2001,M05,2001 May,3.4
Contra Costa,2001,M06,2001 Jun,4.1
Contra Costa,2001,M07,2001 Jul,4.3
Contra Costa,2001,M08,2001 Aug,4.5
Contra Costa,2001,M09,2001 Sep,4.3
Contra Costa,2001,M10,2001 Oct,4.6
Contra Costa,2001,M11,2001 Nov,4.8
Contra Costa,2001,M12,2001 Dec,4.6
Contra Costa,2002,M01,2002 Jan,5.5
Contra Costa,2002,M02,2002 Feb,5.4
Contra Costa,2002,M03,2002 Mar,5.7
Contra Costa,2002,M04,2002 Apr,5.5
Contra Costa,2002,M05,2002 May,5.4
Contra Costa,2002,M06,2002 Jun,6.0
Contra Costa,2002,M07,2002 Jul,6.2
Contra Costa,2002,M08,2002 Aug,6.1
Contra Costa,2002,M09,2002 Sep,5.8
Contra Costa,2002,M10,2002 Oct,5.8
Contra Costa,2002,M11,2002 Nov,5.9
Contra Costa,2002,M12,2002 Dec,5.8
Contra Costa,2003,M01,2003 Jan,6.3
Contra Costa,2003,M02,2003 Feb,6.2
Contra Costa,2003,M03,2003 Mar,6.3
Contra Costa,2003,M04,2003 Apr,6.1
Contra Costa,2003,M05,2003 May,6.0
Contra Costa,2003,M06,2003 Jun,6.8
Contra Costa,2003,M07,2003 Jul,6.6
Contra Costa,2003,M08,2003 Aug,6.3
Contra Costa,2003,M09,2003 Sep,6.0
Contra Costa,2003,M10,2003 Oct,5.9
Contra Costa,2003,M11,2003 Nov,5.9
Contra Costa,2003,M12,2003 Dec,5.5
Contra Costa,2004,M01,2004 Jan,6.1
Contra Costa,2004,M02,2004 Feb,5.8
Contra Costa,2004,M03,2004 Mar,6.1
Contra Costa,2004,M04,2004 Apr,5.5
Contra Costa,2004,M05,2004 May,5.2
Contra Costa,2004,M06,2004 Jun,5.7
Contra Costa,2004,M07,2004 Jul,5.7
Contra Costa,2004,M08,2004 Aug,5.3
Contra Costa,2004,M09,2004 Sep,5.0
Contra Costa,2004,M10,2004 Oct,5.0
Contra Costa,2004,M11,2004 Nov,5.1
Contra Costa,2004,M12,2004 Dec,4.8
Contra Costa,2005,M01,2005 Jan,5.2
Contra Costa,2005,M02,2005 Feb,5.3
Contra Costa,2005,M03,2005 Mar,5.2
Contra Costa,2005,M04,2005 Apr,4.8
Contra Costa,2005,M05,2005 May,4.6
Contra Costa,2005,M06,2005 Jun,5.1
Contra Costa,2005,M07,2005 Jul,5.0
Contra Costa,2005,M08,2005 Aug,4.8
Contra Costa,2005,M09,2005 Sep,4.7
Contra Costa,2005,M10,2005 Oct,4.5
Contra Costa,2005,M11,2005 Nov,4.6
Contra Costa,2005,M12,2005 Dec,4.2
Contra Costa,2006,M01,2006 Jan,4.6
Contra Costa,2006,M02,2006 Feb,4.7
Contra Costa,2006,M03,2006 Mar,4.5
Contra Costa,2006,M04,2006 Apr,4.2
Contra Costa,2006,M05,2006 May,3.9
Contra Costa,2006,M06,2006 Jun,4.4
Contra Costa,2006,M07,2006 Jul,4.5
Contra Costa,2006,M08,2006 Aug,4.3
Contra Costa,2006,M09,2006 Sep,4.1
Contra Costa,2006,M10,2006 Oct,4.0
Contra Costa,2006,M11,2006 Nov,4.2
Contra Costa,2006,M12,2006 Dec,4.0
Contra Costa,2007,M01,2007 Jan,4.6
Contra Costa,2007,M02,2007 Feb,4.5
Contra Costa,2007,M03,2007 Mar,4.5
Contra Costa,2007,M04,2007 Apr,4.3
Contra Costa,2007,M05,2007 May,4.1
Contra Costa,2007,M06,2007 Jun,4.7
Contra Costa,2007,M07,2007 Jul,5.0
Contra Costa,2007,M08,2007 Aug,4.8
Contra Costa,2007,M09,2007 Sep,4.7
Contra Costa,2007,M10,2007 Oct,4.7
Contra Costa,2007,M11,2007 Nov,4.8
Contra Costa,2007,M12,2007 Dec,4.9
Contra Costa,2008,M01,2008 Jan,5.3
Contra Costa,2008,M02,2008 Feb,5.2
Contra Costa,2008,M03,2008 Mar,5.5
Contra Costa,2008,M04,2008 Apr,5.1
Contra Costa,2008,M05,2008 May,5.6
Contra Costa,2008,M06,2008 Jun,6.2
Contra Costa,2008,M07,2008 Jul,6.6
Contra Costa,2008,M08,2008 Aug,6.8
Contra Costa,2008,M09,2008 Sep,6.7
Contra Costa,2008,M10,2008 Oct,6.9
Contra Costa,2008,M11,2008 Nov,7.2
Contra Costa,2008,M12,2008 Dec,7.7
Contra Costa,2009,M01,2009 Jan,8.9
Contra Costa,2009,M02,2009 Feb,9.3
Contra Costa,2009,M03,2009 Mar,9.6
Contra Costa,2009,M04,2009 Apr,9.5
Contra Costa,2009,M05,2009 May,9.9
Contra Costa,2009,M06,2009 Jun,10.7
Contra Costa,2009,M07,2009 Jul,11.0
Contra Costa,2009,M08,2009 Aug,11.1
Contra Costa,2009,M09,2009 Sep,11.1
Contra Costa,2009,M10,2009 Oct,11.3
Contra Costa,2009,M11,2009 Nov,11.1
Contra Costa,2009,M12,2009 Dec,11.0
Contra Costa,2010,M01,2010 Jan,11.7
Contra Costa,2010,M02,2010 Feb,11.5
Contra Costa,2010,M03,2010 Mar,11.6
Contra Costa,2010,M04,2010 Apr,11.1
Contra Costa,2010,M05,2010 May,10.8
Contra Costa,2010,M06,2010 Jun,11.3
Contra Costa,2010,M07,2010 Jul,11.5
Contra Costa,2010,M08,2010 Aug,11.4
Contra Costa,2010,M09,2010 Sep,11.0
Contra Costa,2010,M10,2010 Oct,10.9
Contra Costa,2010,M11,2010 Nov,11.1
Contra Costa,2010,M12,2010 Dec,10.7
Contra Costa,2011,M01,2011 Jan,11.2
Contra Costa,2011,M02,2011 Feb,11.0
Contra Costa,2011,M03,2011 Mar,10.9
Contra Costa,2011,M04,2011 Apr,10.3
Contra Costa,2011,M05,2011 May,10.2
Contra Costa,2011,M06,2011 Jun,11.0
Contra Costa,2011,M07,2011 Jul,10.9
Contra Costa,2011,M08,2011 Aug,10.7
Contra Costa,2011,M09,2011 Sep,10.3
Contra Costa,2011,M10,2011 Oct,10.1
Contra Costa,2011,M11,2011 Nov,9.7
Contra Costa,2011,M12,2011 Dec,9.5
Contra Costa,2012,M01,2012 Jan,9.9
Contra Costa,2012,M02,2012 Feb,9.8
Contra Costa,2012,M03,2012 Mar,9.7
Contra Costa,2012,M04,2012 Apr,9.0
Contra Costa,2012,M05,2012 May,9.0
Contra Costa,2012,M06,2012 Jun,9.6
Contra Costa,2012,M07,2012 Jul,9.7
Contra Costa,2012,M08,2012 Aug,9.3
Contra Costa,2012,M09,2012 Sep,8.5
Contra Costa,2012,M10,2012 Oct,8.5
Contra Costa,2012,M11,2012 Nov,8.2
Contra Costa,2012,M12,2012 Dec,8.1
Contra Costa,2013,M01,2013 Jan,8.7
Contra Costa,2013,M02,2013 Feb,8.2
Contra Costa,2013,M03,2013 Mar,8.0
Contra Costa,2013,M04,2013 Apr,7.3
Contra Costa,2013,M05,2013 May,7.3
Contra Costa,2013,M06,2013 Jun,8.0
Contra Costa,2013,M07,2013 Jul,8.0
Contra Costa,2013,M08,2013 Aug,7.6
Contra Costa,2013,M09,2013 Sep,7.3
Contra Costa,2013,M10,2013 Oct,7.3
Contra Costa,2013,M11,2013 Nov,6.9
Contra Costa,2013,M12,2013 Dec,6.6
Contra Costa,2014,M01,2014 Jan,7.0
Contra Costa,2014,M02,2014 Feb,7.0
Contra Costa,2014,M03,2014 Mar,6.9
Contra Costa,2014,M04,2014 Apr,6.0
Contra Costa,2014,M05,2014 May,6.0
Contra Costa,2014,M06,2014 Jun,6.4
Contra Costa,2014,M07,2014 Jul,6.7
Contra Costa,2014,M08,2014 Aug,6.5
Contra Costa,2014,M09,2014 Sep,5.9
Contra Costa,2014,M10,2014 Oct,5.8
Contra Costa,2014,M11,2014 Nov,5.7
Contra Costa,2014,M12,2014 Dec,5.2
Contra Costa,2015,M01,2015 Jan,5.8
Contra Costa,2015,M02,2015 Feb,5.5
Contra Costa,2015,M03,2015 Mar,5.4
Contra Costa,2015,M04,2015 Apr,5.0
Contra Costa,2015,M05,2015 May,4.9
Contra Costa,2015,M06,2015 Jun,5.3
Contra Costa,2015,M07,2015 Jul,5.4
Contra Costa,2015,M08,2015 Aug,5.1
Contra Costa,2015,M09,2015 Sep,4.7
Contra Costa,2015,M10,2015 Oct,4.7
Contra Costa,2015,M11,2015 Nov,4.6
Contra Costa,2015,M12,2015 Dec,4.4
Contra Costa,2016,M01,2016 Jan,4.7
Contra Costa,2016,M02,2016 Feb,4.6
Contra Costa,2016,M03,2016 Mar,4.8
Contra Costa,2016,M04,2016 Apr,4.4
Contra Costa,2016,M05,2016 May,4.1
Contra Costa,2016,M06,2016 Jun,4.8
Contra Costa,2016,M07,2016 Jul,4.8
Contra Costa,2016,M08,2016 Aug,4.7
Contra Costa,2016,M09,2016 Sep,4.4
Contra Costa,2016,M10,2016 Oct,4.4
Contra Costa,2016,M11,2016 Nov,4.1
Contra Costa,2016,M12,2016 Dec,4.0
Contra Costa,2017,M01,2017 Jan,4.5
Contra Costa,2017,M02,2017 Feb,4.3
Contra Costa,2017,M03,2017 Mar,4.1
Contra Costa,2017,M04,2017 Apr,3.7
Contra Costa,2017,M05,2017 May,3.6
Contra Costa,2017,M06,2017 Jun,4.1
Contra Costa,2017,M07,2017 Jul,4.2
Contra Costa,2017,M08,2017 Aug,4.2
Contra Costa,2017,M09,2017 Sep,3.6
Contra Costa,2017,M10,2017 Oct,3.5
Contra Costa,2017,M11,2017 Nov,3.4
Contra Costa,2017,M12,2017 Dec,3.3
Contra Costa,2018,M01,2018 Jan,3.7
Contra Costa,2018,M02,2018 Feb,3.5
Contra Costa,2018,M03,2018 Mar,3.3
Contra Costa,2018,M04,2018 Apr,3.0
Contra Costa,2018,M05,2018 May,2.8
Contra Costa,2018,M06,2018 Jun,3.5
Contra Costa,2018,M07,2018 Jul,3.4
Contra Costa,2018,M08,2018 Aug,3.4
Contra Costa,2018,M09,2018 Sep,3.0
Contra Costa,2018,M10,2018 Oct,3.1
Contra Costa,2018,M11,2018 Nov,3.0
Contra Costa,2018,M12,2018 Dec,3.2
Contra Costa,2019,M01,2019 Jan,3.7
Contra Costa,2019,M02,2019 Feb,3.3
Contra Costa,2019,M03,2019 Mar,3.4
Contra Costa,2019,M04,2019 Apr,2.8
Contra Costa,2019,M05,2019 May,2.8
Contra Costa,2019,M06,2019 Jun,3.3
Contra Costa,2019,M07,2019 Jul,3.5
Contra Costa,2019,M08,2019 Aug,3.3
Contra Costa,2019,M09,2019 Sep,2.8
Contra Costa,2019,M10,2019 Oct,3.0
Contra Costa,2019,M11,2019 Nov,2.9
Contra Costa,2019,M12,2019 Dec,2.9
Contra Costa,2020,M01,2020 Jan,3.3
Contra Costa,2020,M02,2020 Feb,3.1
Contra Costa,2020,M03,2020 Mar,4.6
Contra Costa,2020,M04,2020 Apr,14.8
Contra Costa,2020,M05,2020 May,14.5
Contra Costa,2020,M06,2020 Jun,13.0
Contra Costa,2020,M07,2020 Jul,12.2
Contra Costa,2020,M08,2020 Aug,10.2
Contra Costa,2020,M09,2020 Sep,9.5
Contra Costa,2020,M10,2020 Oct,8.4
Contra Costa,2020,M11,2020 Nov,8.1
Contra Costa,2020,M12,2020 Dec,8.0
Contra Costa,2021,M01,2021 Jan,8.0
Contra Costa,2021,M02,2021 Feb,7.7
Contra Costa,2021,M03,2021 Mar,7.4
Contra Costa,2021,M04,2021 Apr,7.2
Contra Costa,2021,M05,2021 May,6.6
Contra Costa,2021,M06,2021 Jun,7.3
Contra Costa,2021,M07,2021 Jul,6.8
Contra Costa,2021,M08,2021 Aug,6.4
Contra Costa,2021,M09,2021 Sep,5.3
Contra Costa,2021,M10,2021 Oct,5.1
Contra Costa,2021,M11,2021 Nov,4.5
Contra Costa,2021,M12,2021 Dec,4.1
Contra Costa,2022,M01,2022 Jan,4.7
Contra Costa,2022,M02,2022 Feb,4.1
Contra Costa,2022,M03,2022 Mar,3.5
Contra Costa,2022,M04,2022 Apr,3.1
Contra Costa,2022,M05,2022 May,2.7
Contra Costa,2022,M06,2022 Jun,3.2
Contra Costa,2022,M07,2022 Jul,3.1
Contra Costa,2022,M08,2022 Aug,3.4
Contra Costa,2022,M09,2022 Sep,3.1
Contra Costa,2022,M10,2022 Oct,3.2
Marin,2000,M01,2000 Jan,3.0
Marin,2000,M02,2000 Feb,2.9
Marin,2000,M03,2000 Mar,3.0
Marin,2000,M04,2000 Apr,2.6
Marin,2000,M05,2000 May,2.7
Marin,2000,M06,2000 Jun,3.1
Marin,2000,M07,2000 Jul,3.1
Marin,2000,M08,2000 Aug,3.0
Marin,2000,M09,2000 Sep,2.7
Marin,2000,M10,2000 Oct,2.6
Marin,2000,M11,2000 Nov,2.6
Marin,2000,M12,2000 Dec,2.4
Marin,2001,M01,2001 Jan,3.0
Marin,2001,M02,2001 Feb,2.9
Marin,2001,M03,2001 Mar,3.1
Marin,2001,M04,2001 Apr,3.0
Marin,2001,M05,2001 May,2.9
Marin,2001,M06,2001 Jun,3.5
Marin,2001,M07,2001 Jul,3.8
Marin,2001,M08,2001 Aug,4.0
Marin,2001,M09,2001 Sep,3.9
Marin,2001,M10,2001 Oct,4.2
Marin,2001,M11,2001 Nov,4.3
Marin,2001,M12,2001 Dec,4.0
Marin,2002,M01,2002 Jan,4.8
Marin,2002,M02,2002 Feb,4.7
Marin,2002,M03,2002 Mar,5.0
Marin,2002,M04,2002 Apr,4.8
Marin,2002,M05,2002 May,4.7
Marin,2002,M06,2002 Jun,5.2
Marin,2002,M07,2002 Jul,5.3
Marin,2002,M08,2002 Aug,5.2
Marin,2002,M09,2002 Sep,4.9
Marin,2002,M10,2002 Oct,4.9
Marin,2002,M11,2002 Nov,4.9
Marin,2002,M12,2002 Dec,4.7
Marin,2003,M01,2003 Jan,5.1
Marin,2003,M02,2003 Feb,5.0
Marin,2003,M03,2003 Mar,5.1
Marin,2003,M04,2003 Apr,4.8
Marin,2003,M05,2003 May,4.7
Marin,2003,M06,2003 Jun,5.4
Marin,2003,M07,2003 Jul,5.2
Marin,2003,M08,2003 Aug,5.2
Marin,2003,M09,2003 Sep,4.9
Marin,2003,M10,2003 Oct,4.9
Marin,2003,M11,2003 Nov,4.8
Marin,2003,M12,2003 Dec,4.3
Marin,2004,M01,2004 Jan,4.9
Marin,2004,M02,2004 Feb,4.7
Marin,2004,M03,2004 Mar,4.9
Marin,2004,M04,2004 Apr,4.4
Marin,2004,M05,2004 May,4.3
Marin,2004,M06,2004 Jun,4.7
Marin,2004,M07,2004 Jul,4.7
Marin,2004,M08,2004 Aug,4.4
Marin,2004,M09,2004 Sep,4.1
Marin,2004,M10,2004 Oct,4.1
Marin,2004,M11,2004 Nov,4.1
Marin,2004,M12,2004 Dec,3.7
Marin,2005,M01,2005 Jan,4.1
Marin,2005,M02,2005 Feb,4.2
Marin,2005,M03,2005 Mar,4.1
Marin,2005,M04,2005 Apr,3.7
Marin,2005,M05,2005 May,3.6
Marin,2005,M06,2005 Jun,4.0
Marin,2005,M07,2005 Jul,4.0
Marin,2005,M08,2005 Aug,3.9
Marin,2005,M09,2005 Sep,3.8
Marin,2005,M10,2005 Oct,3.8
Marin,2005,M11,2005 Nov,3.8
Marin,2005,M12,2005 Dec,3.4
Marin,2006,M01,2006 Jan,3.7
Marin,2006,M02,2006 Feb,3.8
Marin,2006,M03,2006 Mar,3.7
Marin,2006,M04,2006 Apr,3.4
Marin,2006,M05,2006 May,3.2
Marin,2006,M06,2006 Jun,3.8
Marin,2006,M07,2006 Jul,3.9
Marin,2006,M08,2006 Aug,3.7
Marin,2006,M09,2006 Sep,3.4
Marin,2006,M10,2006 Oct,3.2
Marin,2006,M11,2006 Nov,3.4
Marin,2006,M12,2006 Dec,3.1
Marin,2007,M01,2007 Jan,3.7
Marin,2007,M02,2007 Feb,3.5
Marin,2007,M03,2007 Mar,3.5
Marin,2007,M04,2007 Apr,3.3
Marin,2007,M05,2007 May,3.2
Marin,2007,M06,2007 Jun,3.7
Marin,2007,M07,2007 Jul,3.9
Marin,2007,M08,2007 Aug,3.8
Marin,2007,M09,2007 Sep,3.7
Marin,2007,M10,2007 Oct,3.7
Marin,2007,M11,2007 Nov,3.7
Marin,2007,M12,2007 Dec,3.7
Marin,2008,M01,2008 Jan,4.1
Marin,2008,M02,2008 Feb,3.9
Marin,2008,M03,2008 Mar,4.2
Marin,2008,M04,2008 Apr,3.9
Marin,2008,M05,2008 May,4.3
Marin,2008,M06,2008 Jun,4.8
Marin,2008,M07,2008 Jul,5.2
Marin,2008,M08,2008 Aug,5.2
Marin,2008,M09,2008 Sep,5.0
Marin,2008,M10,2008 Oct,5.1
Marin,2008,M11,2008 Nov,5.3
Marin,2008,M12,2008 Dec,5.7
Marin,2009,M01,2009 Jan,6.7
Marin,2009,M02,2009 Feb,7.0
Marin,2009,M03,2009 Mar,7.5
Marin,2009,M04,2009 Apr,7.4
Marin,2009,M05,2009 May,7.7
Marin,2009,M06,2009 Jun,8.3
Marin,2009,M07,2009 Jul,8.4
Marin,2009,M08,2009 Aug,8.4
Marin,2009,M09,2009 Sep,8.2
Marin,2009,M10,2009 Oct,8.3
Marin,2009,M11,2009 Nov,8.2
Marin,2009,M12,2009 Dec,8.1
Marin,2010,M01,2010 Jan,8.7
Marin,2010,M02,2010 Feb,8.4
Marin,2010,M03,2010 Mar,8.6
Marin,2010,M04,2010 Apr,8.0
Marin,2010,M05,2010 May,7.7
Marin,2010,M06,2010 Jun,8.1
Marin,2010,M07,2010 Jul,8.1
Marin,2010,M08,2010 Aug,8.1
Marin,2010,M09,2010 Sep,7.8
Marin,2010,M10,2010 Oct,7.7
Marin,2010,M11,2010 Nov,8.0
Marin,2010,M12,2010 Dec,7.5
Marin,2011,M01,2011 Jan,8.0
Marin,2011,M02,2011 Feb,7.7
Marin,2011,M03,2011 Mar,7.7
Marin,2011,M04,2011 Apr,7.2
Marin,2011,M05,2011 May,7.0
Marin,2011,M06,2011 Jun,7.7
Marin,2011,M07,2011 Jul,7.7
Marin,2011,M08,2011 Aug,7.6
Marin,2011,M09,2011 Sep,7.4
Marin,2011,M10,2011 Oct,7.2
Marin,2011,M11,2011 Nov,7.0
Marin,2011,M12,2011 Dec,6.6
Marin,2012,M01,2012 Jan,6.9
Marin,2012,M02,2012 Feb,6.9
Marin,2012,M03,2012 Mar,6.9
Marin,2012,M04,2012 Apr,6.3
Marin,2012,M05,2012 May,6.3
Marin,2012,M06,2012 Jun,6.7
Marin,2012,M07,2012 Jul,6.9
Marin,2012,M08,2012 Aug,6.5
Marin,2012,M09,2012 Sep,6.0
Marin,2012,M10,2012 Oct,5.9
Marin,2012,M11,2012 Nov,5.8
Marin,2012,M12,2012 Dec,5.6
Marin,2013,M01,2013 Jan,6.0
Marin,2013,M02,2013 Feb,5.6
Marin,2013,M03,2013 Mar,5.4
Marin,2013,M04,2013 Apr,4.9
Marin,2013,M05,2013 May,4.9
Marin,2013,M06,2013 Jun,5.6
Marin,2013,M07,2013 Jul,5.5
Marin,2013,M08,2013 Aug,5.3
Marin,2013,M09,2013 Sep,5.1
Marin,2013,M10,2013 Oct,5.1
Marin,2013,M11,2013 Nov,4.8
Marin,2013,M12,2013 Dec,4.5
Marin,2014,M01,2014 Jan,4.8
Marin,2014,M02,2014 Feb,4.8
Marin,2014,M03,2014 Mar,4.8
Marin,2014,M04,2014 Apr,4.0
Marin,2014,M05,2014 May,4.1
Marin,2014,M06,2014 Jun,4.4
Marin,2014,M07,2014 Jul,4.7
Marin,2014,M08,2014 Aug,4.5
Marin,2014,M09,2014 Sep,4.1
Marin,2014,M10,2014 Oct,4.1
Marin,2014,M11,2014 Nov,4.0
Marin,2014,M12,2014 Dec,3.6
Marin,2015,M01,2015 Jan,4.1
Marin,2015,M02,2015 Feb,3.8
Marin,2015,M03,2015 Mar,3.7
Marin,2015,M04,2015 Apr,3.5
Marin,2015,M05,2015 May,3.4
Marin,2015,M06,2015 Jun,3.7
Marin,2015,M07,2015 Jul,3.9
Marin,2015,M08,2015 Aug,3.6
Marin,2015,M09,2015 Sep,3.3
Marin,2015,M10,2015 Oct,3.4
Marin,2015,M11,2015 Nov,3.3
Marin,2015,M12,2015 Dec,3.2
Marin,2016,M01,2016 Jan,3.4
Marin,2016,M02,2016 Feb,3.3
Marin,2016,M03,2016 Mar,3.4
Marin,2016,M04,2016 Apr,3.2
Marin,2016,M05,2016 May,2.9
Marin,2016,M06,2016 Jun,3.5
Marin,2016,M07,2016 Jul,3.5
Marin,2016,M08,2016 Aug,3.5
Marin,2016,M09,2016 Sep,3.3
Marin,2016,M10,2016 Oct,3.3
Marin,2016,M11,2016 Nov,3.1
Marin,2016,M12,2016 Dec,3.0
Marin,2017,M01,2017 Jan,3.4
Marin,2017,M02,2017 Feb,3.2
Marin,2017,M03,2017 Mar,3.0
Marin,2017,M04,2017 Apr,2.8
Marin,2017,M05,2017 May,2.7
Marin,2017,M06,2017 Jun,3.1
Marin,2017,M07,2017 Jul,3.2
Marin,2017,M08,2017 Aug,3.2
Marin,2017,M09,2017 Sep,2.7
Marin,2017,M10,2017 Oct,2.6
Marin,2017,M11,2017 Nov,2.5
Marin,2017,M12,2017 Dec,2.4
Marin,2018,M01,2018 Jan,2.7
Marin,2018,M02,2018 Feb,2.6
Marin,2018,M03,2018 Mar,2.5
Marin,2018,M04,2018 Apr,2.3
Marin,2018,M05,2018 May,2.1
Marin,2018,M06,2018 Jun,2.7
Marin,2018,M07,2018 Jul,2.6
Marin,2018,M08,2018 Aug,2.6
Marin,2018,M09,2018 Sep,2.3
Marin,2018,M10,2018 Oct,2.4
Marin,2018,M11,2018 Nov,2.3
Marin,2018,M12,2018 Dec,2.4
Marin,2019,M01,2019 Jan,2.8
Marin,2019,M02,2019 Feb,2.5
Marin,2019,M03,2019 Mar,2.5
Marin,2019,M04,2019 Apr,2.1
Marin,2019,M05,2019 May,2.0
Marin,2019,M06,2019 Jun,2.5
Marin,2019,M07,2019 Jul,2.6
Marin,2019,M08,2019 Aug,2.5
Marin,2019,M09,2019 Sep,2.1
Marin,2019,M10,2019 Oct,2.2
Marin,2019,M11,2019 Nov,2.2
Marin,2019,M12,2019 Dec,2.1
Marin,2020,M01,2020 Jan,2.5
Marin,2020,M02,2020 Feb,2.4
Marin,2020,M03,2020 Mar,3.5
Marin,2020,M04,2020 Apr,11.9
Marin,2020,M05,2020 May,11.5
Marin,2020,M06,2020 Jun,10.2
Marin,2020,M07,2020 Jul,9.4
Marin,2020,M08,2020 Aug,7.6
Marin,2020,M09,2020 Sep,7.0
Marin,2020,M10,2020 Oct,6.0
Marin,2020,M11,2020 Nov,5.8
Marin,2020,M12,2020 Dec,5.8
Marin,2021,M01,2021 Jan,5.9
Marin,2021,M02,2021 Feb,5.6
Marin,2021,M03,2021 Mar,5.4
Marin,2021,M04,2021 Apr,5.1
Marin,2021,M05,2021 May,4.6
Marin,2021,M06,2021 Jun,5.1
Marin,2021,M07,2021 Jul,4.7
Marin,2021,M08,2021 Aug,4.5
Marin,2021,M09,2021 Sep,3.6
Marin,2021,M10,2021 Oct,3.4
Marin,2021,M11,2021 Nov,3.0
Marin,2021,M12,2021 Dec,2.7
Marin,2022,M01,2022 Jan,3.1
Marin,2022,M02,2022 Feb,2.8
Marin,2022,M03,2022 Mar,2.4
Marin,2022,M04,2022 Apr,2.1
Marin,2022,M05,2022 May,1.8
Marin,2022,M06,2022 Jun,2.2
Marin,2022,M07,2022 Jul,2.2
Marin,2022,M08,2022 Aug,2.4
Marin,2022,M09,2022 Sep,2.2
Marin,2022,M10,2022 Oct,2.2
Napa,2000,M01,2000 Jan,4.3
Napa,2000,M02,2000 Feb,4.0
Napa,2000,M03,2000 Mar,4.0
Napa,2000,M04,2000 Apr,3.2
Napa,2000,M05,2000 May,3.1
Napa,2000,M06,2000 Jun,3.5
Napa,2000,M07,2000 Jul,3.8
Napa,2000,M08,2000 Aug,3.5
Napa,2000,M09,2000 Sep,3.0
Napa,2000,M10,2000 Oct,3.1
Napa,2000,M11,2000 Nov,3.7
Napa,2000,M12,2000 Dec,3.5
Napa,2001,M01,2001 Jan,3.9
Napa,2001,M02,2001 Feb,3.4
Napa,2001,M03,2001 Mar,3.5
Napa,2001,M04,2001 Apr,3.2
Napa,2001,M05,2001 May,2.8
Napa,2001,M06,2001 Jun,3.3
Napa,2001,M07,2001 Jul,3.5
Napa,2001,M08,2001 Aug,3.6
Napa,2001,M09,2001 Sep,3.4
Napa,2001,M10,2001 Oct,3.7
Napa,2001,M11,2001 Nov,4.8
Napa,2001,M12,2001 Dec,4.7
Napa,2002,M01,2002 Jan,5.2
Napa,2002,M02,2002 Feb,4.5
Napa,2002,M03,2002 Mar,4.7
Napa,2002,M04,2002 Apr,4.3
Napa,2002,M05,2002 May,3.8
Napa,2002,M06,2002 Jun,4.4
Napa,2002,M07,2002 Jul,4.5
Napa,2002,M08,2002 Aug,4.6
Napa,2002,M09,2002 Sep,4.1
Napa,2002,M10,2002 Oct,4.2
Napa,2002,M11,2002 Nov,5.4
Napa,2002,M12,2002 Dec,5.3
Napa,2003,M01,2003 Jan,5.5
Napa,2003,M02,2003 Feb,5.2
Napa,2003,M03,2003 Mar,5.2
Napa,2003,M04,2003 Apr,4.8
Napa,2003,M05,2003 May,4.3
Napa,2003,M06,2003 Jun,4.9
Napa,2003,M07,2003 Jul,4.8
Napa,2003,M08,2003 Aug,4.8
Napa,2003,M09,2003 Sep,4.5
Napa,2003,M10,2003 Oct,4.4
Napa,2003,M11,2003 Nov,5.4
Napa,2003,M12,2003 Dec,5.2
Napa,2004,M01,2004 Jan,5.6
Napa,2004,M02,2004 Feb,5.2
Napa,2004,M03,2004 Mar,5.4
Napa,2004,M04,2004 Apr,4.5
Napa,2004,M05,2004 May,4.2
Napa,2004,M06,2004 Jun,4.6
Napa,2004,M07,2004 Jul,4.8
Napa,2004,M08,2004 Aug,4.4
Napa,2004,M09,2004 Sep,4.0
Napa,2004,M10,2004 Oct,4.4
Napa,2004,M11,2004 Nov,5.1
Napa,2004,M12,2004 Dec,5.0
Napa,2005,M01,2005 Jan,5.3
Napa,2005,M02,2005 Feb,5.0
Napa,2005,M03,2005 Mar,4.8
Napa,2005,M04,2005 Apr,4.3
Napa,2005,M05,2005 May,3.9
Napa,2005,M06,2005 Jun,4.2
Napa,2005,M07,2005 Jul,4.3
Napa,2005,M08,2005 Aug,4.1
Napa,2005,M09,2005 Sep,3.9
Napa,2005,M10,2005 Oct,3.8
Napa,2005,M11,2005 Nov,4.5
Napa,2005,M12,2005 Dec,4.4
Napa,2006,M01,2006 Jan,4.6
Napa,2006,M02,2006 Feb,4.3
Napa,2006,M03,2006 Mar,4.2
Napa,2006,M04,2006 Apr,4.2
Napa,2006,M05,2006 May,3.4
Napa,2006,M06,2006 Jun,3.7
Napa,2006,M07,2006 Jul,3.8
Napa,2006,M08,2006 Aug,3.8
Napa,2006,M09,2006 Sep,3.4
Napa,2006,M10,2006 Oct,3.2
Napa,2006,M11,2006 Nov,3.9
Napa,2006,M12,2006 Dec,4.0
Napa,2007,M01,2007 Jan,4.5
Napa,2007,M02,2007 Feb,4.2
Napa,2007,M03,2007 Mar,4.0
Napa,2007,M04,2007 Apr,3.6
Napa,2007,M05,2007 May,3.4
Napa,2007,M06,2007 Jun,3.7
Napa,2007,M07,2007 Jul,3.9
Napa,2007,M08,2007 Aug,3.9
Napa,2007,M09,2007 Sep,3.7
Napa,2007,M10,2007 Oct,3.7
Napa,2007,M11,2007 Nov,4.5
Napa,2007,M12,2007 Dec,4.8
Napa,2008,M01,2008 Jan,5.1
Napa,2008,M02,2008 Feb,4.5
Napa,2008,M03,2008 Mar,4.6
Napa,2008,M04,2008 Apr,4.1
Napa,2008,M05,2008 May,4.3
Napa,2008,M06,2008 Jun,4.7
Napa,2008,M07,2008 Jul,4.9
Napa,2008,M08,2008 Aug,5.3
Napa,2008,M09,2008 Sep,5.0
Napa,2008,M10,2008 Oct,5.2
Napa,2008,M11,2008 Nov,6.5
Napa,2008,M12,2008 Dec,7.4
Napa,2009,M01,2009 Jan,8.3
Napa,2009,M02,2009 Feb,8.4
Napa,2009,M03,2009 Mar,8.8
Napa,2009,M04,2009 Apr,8.2
Napa,2009,M05,2009 May,8.0
Napa,2009,M06,2009 Jun,8.6
Napa,2009,M07,2009 Jul,8.6
Napa,2009,M08,2009 Aug,8.8
Napa,2009,M09,2009 Sep,8.5
Napa,2009,M10,2009 Oct,8.5
Napa,2009,M11,2009 Nov,9.6
Napa,2009,M12,2009 Dec,10.3
Napa,2010,M01,2010 Jan,11.9
Napa,2010,M02,2010 Feb,11.5
Napa,2010,M03,2010 Mar,11.5
Napa,2010,M04,2010 Apr,10.7
Napa,2010,M05,2010 May,9.7
Napa,2010,M06,2010 Jun,10.0
Napa,2010,M07,2010 Jul,9.9
Napa,2010,M08,2010 Aug,10.1
Napa,2010,M09,2010 Sep,9.8
Napa,2010,M10,2010 Oct,9.4
Napa,2010,M11,2010 Nov,10.9
Napa,2010,M12,2010 Dec,11.5
Napa,2011,M01,2011 Jan,11.6
Napa,2011,M02,2011 Feb,11.1
Napa,2011,M03,2011 Mar,10.9
Napa,2011,M04,2011 Apr,10.2
Napa,2011,M05,2011 May,9.2
Napa,2011,M06,2011 Jun,9.9
Napa,2011,M07,2011 Jul,9.9
Napa,2011,M08,2011 Aug,9.6
Napa,2011,M09,2011 Sep,9.3
Napa,2011,M10,2011 Oct,8.7
Napa,2011,M11,2011 Nov,9.3
Napa,2011,M12,2011 Dec,9.9
Napa,2012,M01,2012 Jan,10.2
Napa,2012,M02,2012 Feb,9.7
Napa,2012,M03,2012 Mar,9.6
Napa,2012,M04,2012 Apr,8.9
Napa,2012,M05,2012 May,8.2
Napa,2012,M06,2012 Jun,8.5
Napa,2012,M07,2012 Jul,8.6
Napa,2012,M08,2012 Aug,8.2
Napa,2012,M09,2012 Sep,7.5
Napa,2012,M10,2012 Oct,7.3
Napa,2012,M11,2012 Nov,8.0
Napa,2012,M12,2012 Dec,8.6
Napa,2013,M01,2013 Jan,9.0
Napa,2013,M02,2013 Feb,8.0
Napa,2013,M03,2013 Mar,7.7
Napa,2013,M04,2013 Apr,6.9
Napa,2013,M05,2013 May,6.4
Napa,2013,M06,2013 Jun,6.9
Napa,2013,M07,2013 Jul,6.9
Napa,2013,M08,2013 Aug,6.6
Napa,2013,M09,2013 Sep,6.1
Napa,2013,M10,2013 Oct,6.2
Napa,2013,M11,2013 Nov,6.8
Napa,2013,M12,2013 Dec,6.8
Napa,2014,M01,2014 Jan,7.2
Napa,2014,M02,2014 Feb,6.8
Napa,2014,M03,2014 Mar,6.5
Napa,2014,M04,2014 Apr,5.4
Napa,2014,M05,2014 May,5.2
Napa,2014,M06,2014 Jun,5.4
Napa,2014,M07,2014 Jul,5.8
Napa,2014,M08,2014 Aug,5.5
Napa,2014,M09,2014 Sep,5.0
Napa,2014,M10,2014 Oct,4.9
Napa,2014,M11,2014 Nov,5.8
Napa,2014,M12,2014 Dec,5.7
Napa,2015,M01,2015 Jan,5.9
Napa,2015,M02,2015 Feb,5.2
Napa,2015,M03,2015 Mar,5.0
Napa,2015,M04,2015 Apr,4.3
Napa,2015,M05,2015 May,4.2
Napa,2015,M06,2015 Jun,4.4
Napa,2015,M07,2015 Jul,4.5
Napa,2015,M08,2015 Aug,4.3
Napa,2015,M09,2015 Sep,3.8
Napa,2015,M10,2015 Oct,4.3
Napa,2015,M11,2015 Nov,4.9
Napa,2015,M12,2015 Dec,5.0
Napa,2016,M01,2016 Jan,5.1
Napa,2016,M02,2016 Feb,4.8
Napa,2016,M03,2016 Mar,4.8
Napa,2016,M04,2016 Apr,4.1
Napa,2016,M05,2016 May,3.6
Napa,2016,M06,2016 Jun,4.2
Napa,2016,M07,2016 Jul,4.1
Napa,2016,M08,2016 Aug,4.1
Napa,2016,M09,2016 Sep,3.9
Napa,2016,M10,2016 Oct,3.9
Napa,2016,M11,2016 Nov,4.4
Napa,2016,M12,2016 Dec,4.7
Napa,2017,M01,2017 Jan,4.9
Napa,2017,M02,2017 Feb,4.4
Napa,2017,M03,2017 Mar,4.0
Napa,2017,M04,2017 Apr,3.6
Napa,2017,M05,2017 May,3.2
Napa,2017,M06,2017 Jun,3.5
Napa,2017,M07,2017 Jul,3.6
Napa,2017,M08,2017 Aug,3.5
Napa,2017,M09,2017 Sep,3.0
Napa,2017,M10,2017 Oct,3.2
Napa,2017,M11,2017 Nov,3.4
Napa,2017,M12,2017 Dec,3.7
Napa,2018,M01,2018 Jan,4.0
Napa,2018,M02,2018 Feb,3.4
Napa,2018,M03,2018 Mar,3.3
Napa,2018,M04,2018 Apr,2.9
Napa,2018,M05,2018 May,2.4
Napa,2018,M06,2018 Jun,2.9
Napa,2018,M07,2018 Jul,2.9
Napa,2018,M08,2018 Aug,2.8
Napa,2018,M09,2018 Sep,2.5
Napa,2018,M10,2018 Oct,2.6
Napa,2018,M11,2018 Nov,2.7
Napa,2018,M12,2018 Dec,3.4
Napa,2019,M01,2019 Jan,4.1
Napa,2019,M02,2019 Feb,3.4
Napa,2019,M03,2019 Mar,3.3
Napa,2019,M04,2019 Apr,2.7
Napa,2019,M05,2019 May,2.4
Napa,2019,M06,2019 Jun,2.8
Napa,2019,M07,2019 Jul,3.0
Napa,2019,M08,2019 Aug,2.7
Napa,2019,M09,2019 Sep,2.3
Napa,2019,M10,2019 Oct,2.5
Napa,2019,M11,2019 Nov,2.8
Napa,2019,M12,2019 Dec,3.1
Napa,2020,M01,2020 Jan,3.6
Napa,2020,M02,2020 Feb,3.2
Napa,2020,M03,2020 Mar,4.7
Napa,2020,M04,2020 Apr,17.6
Napa,2020,M05,2020 May,15.9
Napa,2020,M06,2020 Jun,12.5
Napa,2020,M07,2020 Jul,11.0
Napa,2020,M08,2020 Aug,9.1
Napa,2020,M09,2020 Sep,8.3
Napa,2020,M10,2020 Oct,7.5
Napa,2020,M11,2020 Nov,7.6
Napa,2020,M12,2020 Dec,8.1
Napa,2021,M01,2021 Jan,9.8
Napa,2021,M02,2021 Feb,8.0
Napa,2021,M03,2021 Mar,7.3
Napa,2021,M04,2021 Apr,6.8
Napa,2021,M05,2021 May,5.9
Napa,2021,M06,2021 Jun,6.4
Napa,2021,M07,2021 Jul,5.9
Napa,2021,M08,2021 Aug,5.4
Napa,2021,M09,2021 Sep,4.5
Napa,2021,M10,2021 Oct,4.4
Napa,2021,M11,2021 Nov,4.2
Napa,2021,M12,2021 Dec,4.1
Napa,2022,M01,2022 Jan,4.6
Napa,2022,M02,2022 Feb,3.9
Napa,2022,M03,2022 Mar,3.2
Napa,2022,M04,2022 Apr,2.8
Napa,2022,M05,2022 May,2.3
Napa,2022,M06,2022 Jun,2.7
Napa,2022,M07,2022 Jul,2.6
Napa,2022,M08,2022 Aug,2.9
Napa,2022,M09,2022 Sep,2.6
Napa,2022,M10,2022 Oct,2.7
San Francisco,2000,M01,2000 Jan,3.6
San Francisco,2000,M02,2000 Feb,3.4
San Francisco,2000,M03,2000 Mar,3.4
San Francisco,2000,M04,2000 Apr,3.1
San Francisco,2000,M05,2000 May,3.1
San Francisco,2000,M06,2000 Jun,3.6
San Francisco,2000,M07,2000 Jul,3.7
San Francisco,2000,M08,2000 Aug,3.6
San Francisco,2000,M09,2000 Sep,3.3
San Francisco,2000,M10,2000 Oct,3.2
San Francisco,2000,M11,2000 Nov,3.2
San Francisco,2000,M12,2000 Dec,3.0
San Francisco,2001,M01,2001 Jan,3.9
San Francisco,2001,M02,2001 Feb,3.9
San Francisco,2001,M03,2001 Mar,4.2
San Francisco,2001,M04,2001 Apr,4.2
San Francisco,2001,M05,2001 May,4.3
San Francisco,2001,M06,2001 Jun,5.2
San Francisco,2001,M07,2001 Jul,5.4
San Francisco,2001,M08,2001 Aug,5.9
San Francisco,2001,M09,2001 Sep,5.7
San Francisco,2001,M10,2001 Oct,6.4
San Francisco,2001,M11,2001 Nov,6.5
San Francisco,2001,M12,2001 Dec,6.2
San Francisco,2002,M01,2002 Jan,7.3
San Francisco,2002,M02,2002 Feb,7.0
San Francisco,2002,M03,2002 Mar,7.1
San Francisco,2002,M04,2002 Apr,6.9
San Francisco,2002,M05,2002 May,6.6
San Francisco,2002,M06,2002 Jun,7.3
San Francisco,2002,M07,2002 Jul,7.3
San Francisco,2002,M08,2002 Aug,7.2
San Francisco,2002,M09,2002 Sep,6.9
San Francisco,2002,M10,2002 Oct,6.9
San Francisco,2002,M11,2002 Nov,6.8
San Francisco,2002,M12,2002 Dec,6.6
San Francisco,2003,M01,2003 Jan,7.2
San Francisco,2003,M02,2003 Feb,7.0
San Francisco,2003,M03,2003 Mar,7.1
San Francisco,2003,M04,2003 Apr,6.8
San Francisco,2003,M05,2003 May,6.7
San Francisco,2003,M06,2003 Jun,7.6
San Francisco,2003,M07,2003 Jul,7.2
San Francisco,2003,M08,2003 Aug,7.0
San Francisco,2003,M09,2003 Sep,6.6
San Francisco,2003,M10,2003 Oct,6.4
San Francisco,2003,M11,2003 Nov,6.2
San Francisco,2003,M12,2003 Dec,5.7
San Francisco,2004,M01,2004 Jan,6.4
San Francisco,2004,M02,2004 Feb,6.1
San Francisco,2004,M03,2004 Mar,6.3
San Francisco,2004,M04,2004 Apr,5.9
San Francisco,2004,M05,2004 May,5.5
San Francisco,2004,M06,2004 Jun,5.9
San Francisco,2004,M07,2004 Jul,6.0
San Francisco,2004,M08,2004 Aug,5.8
San Francisco,2004,M09,2004 Sep,5.3
San Francisco,2004,M10,2004 Oct,5.4
San Francisco,2004,M11,2004 Nov,5.7
San Francisco,2004,M12,2004 Dec,5.0
San Francisco,2005,M01,2005 Jan,5.5
San Francisco,2005,M02,2005 Feb,5.4
San Francisco,2005,M03,2005 Mar,5.4
San Francisco,2005,M04,2005 Apr,5.0
San Francisco,2005,M05,2005 May,4.7
San Francisco,2005,M06,2005 Jun,5.1
San Francisco,2005,M07,2005 Jul,5.1
San Francisco,2005,M08,2005 Aug,5.0
San Francisco,2005,M09,2005 Sep,4.8
San Francisco,2005,M10,2005 Oct,4.7
San Francisco,2005,M11,2005 Nov,4.8
San Francisco,2005,M12,2005 Dec,4.2
San Francisco,2006,M01,2006 Jan,4.6
San Francisco,2006,M02,2006 Feb,4.6
San Francisco,2006,M03,2006 Mar,4.4
San Francisco,2006,M04,2006 Apr,4.1
San Francisco,2006,M05,2006 May,3.9
San Francisco,2006,M06,2006 Jun,4.3
San Francisco,2006,M07,2006 Jul,4.5
San Francisco,2006,M08,2006 Aug,4.4
San Francisco,2006,M09,2006 Sep,4.0
San Francisco,2006,M10,2006 Oct,3.8
San Francisco,2006,M11,2006 Nov,4.0
San Francisco,2006,M12,2006 Dec,3.7
San Francisco,2007,M01,2007 Jan,4.4
San Francisco,2007,M02,2007 Feb,4.1
San Francisco,2007,M03,2007 Mar,4.2
San Francisco,2007,M04,2007 Apr,4.0
San Francisco,2007,M05,2007 May,3.8
San Francisco,2007,M06,2007 Jun,4.3
San Francisco,2007,M07,2007 Jul,4.5
San Francisco,2007,M08,2007 Aug,4.5
San Francisco,2007,M09,2007 Sep,4.2
San Francisco,2007,M10,2007 Oct,4.1
San Francisco,2007,M11,2007 Nov,4.1
San Francisco,2007,M12,2007 Dec,4.2
San Francisco,2008,M01,2008 Jan,4.5
San Francisco,2008,M02,2008 Feb,4.3
San Francisco,2008,M03,2008 Mar,4.6
San Francisco,2008,M04,2008 Apr,4.3
San Francisco,2008,M05,2008 May,4.7
San Francisco,2008,M06,2008 Jun,5.3
San Francisco,2008,M07,2008 Jul,5.6
San Francisco,2008,M08,2008 Aug,5.9
San Francisco,2008,M09,2008 Sep,5.6
San Francisco,2008,M10,2008 Oct,5.8
San Francisco,2008,M11,2008 Nov,6.1
San Francisco,2008,M12,2008 Dec,6.5
San Francisco,2009,M01,2009 Jan,7.9
San Francisco,2009,M02,2009 Feb,8.2
San Francisco,2009,M03,2009 Mar,8.7
San Francisco,2009,M04,2009 Apr,8.5
San Francisco,2009,M05,2009 May,8.8
San Francisco,2009,M06,2009 Jun,9.7
San Francisco,2009,M07,2009 Jul,9.7
San Francisco,2009,M08,2009 Aug,9.8
San Francisco,2009,M09,2009 Sep,9.5
San Francisco,2009,M10,2009 Oct,9.5
San Francisco,2009,M11,2009 Nov,9.3
San Francisco,2009,M12,2009 Dec,9.3
San Francisco,2010,M01,2010 Jan,9.7
San Francisco,2010,M02,2010 Feb,9.4
San Francisco,2010,M03,2010 Mar,9.6
San Francisco,2010,M04,2010 Apr,9.0
San Francisco,2010,M05,2010 May,8.7
San Francisco,2010,M06,2010 Jun,9.1
San Francisco,2010,M07,2010 Jul,9.2
San Francisco,2010,M08,2010 Aug,9.2
San Francisco,2010,M09,2010 Sep,8.8
San Francisco,2010,M10,2010 Oct,8.8
San Francisco,2010,M11,2010 Nov,9.1
San Francisco,2010,M12,2010 Dec,8.5
San Francisco,2011,M01,2011 Jan,8.9
San Francisco,2011,M02,2011 Feb,8.6
San Francisco,2011,M03,2011 Mar,8.5
San Francisco,2011,M04,2011 Apr,8.0
San Francisco,2011,M05,2011 May,7.9
San Francisco,2011,M06,2011 Jun,8.6
San Francisco,2011,M07,2011 Jul,8.5
San Francisco,2011,M08,2011 Aug,8.4
San Francisco,2011,M09,2011 Sep,8.0
San Francisco,2011,M10,2011 Oct,7.8
San Francisco,2011,M11,2011 Nov,7.6
San Francisco,2011,M12,2011 Dec,7.3
San Francisco,2012,M01,2012 Jan,7.7
San Francisco,2012,M02,2012 Feb,7.6
San Francisco,2012,M03,2012 Mar,7.4
San Francisco,2012,M04,2012 Apr,6.8
San Francisco,2012,M05,2012 May,6.9
San Francisco,2012,M06,2012 Jun,7.3
San Francisco,2012,M07,2012 Jul,7.3
San Francisco,2012,M08,2012 Aug,7.0
San Francisco,2012,M09,2012 Sep,6.4
San Francisco,2012,M10,2012 Oct,6.3
San Francisco,2012,M11,2012 Nov,6.1
San Francisco,2012,M12,2012 Dec,6.0
San Francisco,2013,M01,2013 Jan,6.5
San Francisco,2013,M02,2013 Feb,6.0
San Francisco,2013,M03,2013 Mar,5.8
San Francisco,2013,M04,2013 Apr,5.3
San Francisco,2013,M05,2013 May,5.4
San Francisco,2013,M06,2013 Jun,5.9
San Francisco,2013,M07,2013 Jul,5.8
San Francisco,2013,M08,2013 Aug,5.5
San Francisco,2013,M09,2013 Sep,5.3
San Francisco,2013,M10,2013 Oct,5.3
San Francisco,2013,M11,2013 Nov,5.0
San Francisco,2013,M12,2013 Dec,4.6
San Francisco,2014,M01,2014 Jan,5.0
San Francisco,2014,M02,2014 Feb,4.9
San Francisco,2014,M03,2014 Mar,5.0
San Francisco,2014,M04,2014 Apr,4.2
San Francisco,2014,M05,2014 May,4.3
San Francisco,2014,M06,2014 Jun,4.5
San Francisco,2014,M07,2014 Jul,4.7
San Francisco,2014,M08,2014 Aug,4.6
San Francisco,2014,M09,2014 Sep,4.2
San Francisco,2014,M10,2014 Oct,4.1
San Francisco,2014,M11,2014 Nov,4.0
San Francisco,2014,M12,2014 Dec,3.7
San Francisco,2015,M01,2015 Jan,4.2
San Francisco,2015,M02,2015 Feb,3.9
San Francisco,2015,M03,2015 Mar,3.9
San Francisco,2015,M04,2015 Apr,3.6
San Francisco,2015,M05,2015 May,3.6
San Francisco,2015,M06,2015 Jun,3.8
San Francisco,2015,M07,2015 Jul,3.9
San Francisco,2015,M08,2015 Aug,3.7
San Francisco,2015,M09,2015 Sep,3.4
San Francisco,2015,M10,2015 Oct,3.5
San Francisco,2015,M11,2015 Nov,3.4
San Francisco,2015,M12,2015 Dec,3.2
San Francisco,2016,M01,2016 Jan,3.4
San Francisco,2016,M02,2016 Feb,3.4
San Francisco,2016,M03,2016 Mar,3.5
San Francisco,2016,M04,2016 Apr,3.2
San Francisco,2016,M05,2016 May,3.0
San Francisco,2016,M06,2016 Jun,3.5
San Francisco,2016,M07,2016 Jul,3.5
San Francisco,2016,M08,2016 Aug,3.4
San Francisco,2016,M09,2016 Sep,3.3
San Francisco,2016,M10,2016 Oct,3.3
San Francisco,2016,M11,2016 Nov,3.1
San Francisco,2016,M12,2016 Dec,3.0
San Francisco,2017,M01,2017 Jan,3.4
San Francisco,2017,M02,2017 Feb,3.2
San Francisco,2017,M03,2017 Mar,3.0
San Francisco,2017,M04,2017 Apr,2.8
San Francisco,2017,M05,2017 May,2.8
San Francisco,2017,M06,2017 Jun,3.2
San Francisco,2017,M07,2017 Jul,3.2
San Francisco,2017,M08,2017 Aug,3.2
San Francisco,2017,M09,2017 Sep,2.8
San Francisco,2017,M10,2017 Oct,2.7
San Francisco,2017,M11,2017 Nov,2.6
San Francisco,2017,M12,2017 Dec,2.5
San Francisco,2018,M01,2018 Jan,2.8
San Francisco,2018,M02,2018 Feb,2.6
San Francisco,2018,M03,2018 Mar,2.5
San Francisco,2018,M04,2018 Apr,2.2
San Francisco,2018,M05,2018 May,2.1
San Francisco,2018,M06,2018 Jun,2.6
San Francisco,2018,M07,2018 Jul,2.5
San Francisco,2018,M08,2018 Aug,2.5
San Francisco,2018,M09,2018 Sep,2.3
San Francisco,2018,M10,2018 Oct,2.3
San Francisco,2018,M11,2018 Nov,2.2
San Francisco,2018,M12,2018 Dec,2.3
San Francisco,2019,M01,2019 Jan,2.7
San Francisco,2019,M02,2019 Feb,2.4
San Francisco,2019,M03,2019 Mar,2.4
San Francisco,2019,M04,2019 Apr,2.0
San Francisco,2019,M05,2019 May,2.0
San Francisco,2019,M06,2019 Jun,2.4
San Francisco,2019,M07,2019 Jul,2.4
San Francisco,2019,M08,2019 Aug,2.3
San Francisco,2019,M09,2019 Sep,2.0
San Francisco,2019,M10,2019 Oct,2.1
San Francisco,2019,M11,2019 Nov,2.1
San Francisco,2019,M12,2019 Dec,2.0
San Francisco,2020,M01,2020 Jan,2.3
San Francisco,2020,M02,2020 Feb,2.2
San Francisco,2020,M03,2020 Mar,3.5
San Francisco,2020,M04,2020 Apr,12.8
San Francisco,2020,M05,2020 May,13.3
San Francisco,2020,M06,2020 Jun,12.1
San Francisco,2020,M07,2020 Jul,11.3
San Francisco,2020,M08,2020 Aug,9.4
San Francisco,2020,M09,2020 Sep,8.8
San Francisco,2020,M10,2020 Oct,7.6
San Francisco,2020,M11,2020 Nov,7.0
San Francisco,2020,M12,2020 Dec,6.7
San Francisco,2021,M01,2021 Jan,6.6
San Francisco,2021,M02,2021 Feb,6.2
San Francisco,2021,M03,2021 Mar,6.0
San Francisco,2021,M04,2021 Apr,6.0
San Francisco,2021,M05,2021 May,5.4
San Francisco,2021,M06,2021 Jun,5.9
San Francisco,2021,M07,2021 Jul,5.4
San Francisco,2021,M08,2021 Aug,5.0
San Francisco,2021,M09,2021 Sep,4.1
San Francisco,2021,M10,2021 Oct,3.8
San Francisco,2021,M11,2021 Nov,3.3
San Francisco,2021,M12,2021 Dec,3.0
San Francisco,2022,M01,2022 Jan,3.5
San Francisco,2022,M02,2022 Feb,3.0
San Francisco,2022,M03,2022 Mar,2.5
San Francisco,2022,M04,2022 Apr,2.2
San Francisco,2022,M05,2022 May,1.9
San Francisco,2022,M06,2022 Jun,2.2
San Francisco,2022,M07,2022 Jul,2.1
San Francisco,2022,M08,2022 Aug,2.3
San Francisco,2022,M09,2022 Sep,2.1
San Francisco,2022,M10,2022 Oct,2.1
San Mateo,2000,M01,2000 Jan,3.1
San Mateo,2000,M02,2000 Feb,2.9
San Mateo,2000,M03,2000 Mar,3.0
San Mateo,2000,M04,2000 Apr,2.6
San Mateo,2000,M05,2000 May,2.7
San Mateo,2000,M06,2000 Jun,3.1
San Mateo,2000,M07,2000 Jul,3.2
San Mateo,2000,M08,2000 Aug,3.1
San Mateo,2000,M09,2000 Sep,2.8
San Mateo,2000,M10,2000 Oct,2.7
San Mateo,2000,M11,2000 Nov,2.6
San Mateo,2000,M12,2000 Dec,2.3
San Mateo,2001,M01,2001 Jan,2.9
San Mateo,2001,M02,2001 Feb,2.8
San Mateo,2001,M03,2001 Mar,3.1
San Mateo,2001,M04,2001 Apr,3.1
San Mateo,2001,M05,2001 May,3.1
San Mateo,2001,M06,2001 Jun,3.9
San Mateo,2001,M07,2001 Jul,4.2
San Mateo,2001,M08,2001 Aug,4.4
San Mateo,2001,M09,2001 Sep,4.3
San Mateo,2001,M10,2001 Oct,4.8
San Mateo,2001,M11,2001 Nov,4.9
San Mateo,2001,M12,2001 Dec,4.7
San Mateo,2002,M01,2002 Jan,5.6
San Mateo,2002,M02,2002 Feb,5.5
San Mateo,2002,M03,2002 Mar,5.8
San Mateo,2002,M04,2002 Apr,5.5
San Mateo,2002,M05,2002 May,5.3
San Mateo,2002,M06,2002 Jun,6.0
San Mateo,2002,M07,2002 Jul,6.0
San Mateo,2002,M08,2002 Aug,6.0
San Mateo,2002,M09,2002 Sep,5.7
San Mateo,2002,M10,2002 Oct,5.7
San Mateo,2002,M11,2002 Nov,5.7
San Mateo,2002,M12,2002 Dec,5.6
San Mateo,2003,M01,2003 Jan,6.0
San Mateo,2003,M02,2003 Feb,5.9
San Mateo,2003,M03,2003 Mar,6.1
San Mateo,2003,M04,2003 Apr,5.9
San Mateo,2003,M05,2003 May,5.8
San Mateo,2003,M06,2003 Jun,6.5
San Mateo,2003,M07,2003 Jul,6.3
San Mateo,2003,M08,2003 Aug,6.1
San Mateo,2003,M09,2003 Sep,5.8
San Mateo,2003,M10,2003 Oct,5.6
San Mateo,2003,M11,2003 Nov,5.5
San Mateo,2003,M12,2003 Dec,5.0
San Mateo,2004,M01,2004 Jan,5.5
San Mateo,2004,M02,2004 Feb,5.3
San Mateo,2004,M03,2004 Mar,5.5
San Mateo,2004,M04,2004 Apr,5.0
San Mateo,2004,M05,2004 May,4.7
San Mateo,2004,M06,2004 Jun,5.1
San Mateo,2004,M07,2004 Jul,5.0
San Mateo,2004,M08,2004 Aug,4.7
San Mateo,2004,M09,2004 Sep,4.4
San Mateo,2004,M10,2004 Oct,4.5
San Mateo,2004,M11,2004 Nov,4.4
San Mateo,2004,M12,2004 Dec,4.1
San Mateo,2005,M01,2005 Jan,4.5
San Mateo,2005,M02,2005 Feb,4.6
San Mateo,2005,M03,2005 Mar,4.5
San Mateo,2005,M04,2005 Apr,4.2
San Mateo,2005,M05,2005 May,4.0
San Mateo,2005,M06,2005 Jun,4.4
San Mateo,2005,M07,2005 Jul,4.4
San Mateo,2005,M08,2005 Aug,4.2
San Mateo,2005,M09,2005 Sep,4.1
San Mateo,2005,M10,2005 Oct,4.0
San Mateo,2005,M11,2005 Nov,4.1
San Mateo,2005,M12,2005 Dec,3.7
San Mateo,2006,M01,2006 Jan,3.9
San Mateo,2006,M02,2006 Feb,4.0
San Mateo,2006,M03,2006 Mar,3.9
San Mateo,2006,M04,2006 Apr,3.6
San Mateo,2006,M05,2006 May,3.4
San Mateo,2006,M06,2006 Jun,3.8
San Mateo,2006,M07,2006 Jul,4.0
San Mateo,2006,M08,2006 Aug,3.8
San Mateo,2006,M09,2006 Sep,3.5
San Mateo,2006,M10,2006 Oct,3.3
San Mateo,2006,M11,2006 Nov,3.5
San Mateo,2006,M12,2006 Dec,3.3
San Mateo,2007,M01,2007 Jan,3.9
San Mateo,2007,M02,2007 Feb,3.7
San Mateo,2007,M03,2007 Mar,3.7
San Mateo,2007,M04,2007 Apr,3.5
San Mateo,2007,M05,2007 May,3.4
San Mateo,2007,M06,2007 Jun,3.9
San Mateo,2007,M07,2007 Jul,4.1
San Mateo,2007,M08,2007 Aug,3.9
San Mateo,2007,M09,2007 Sep,3.8
San Mateo,2007,M10,2007 Oct,3.7
San Mateo,2007,M11,2007 Nov,3.8
San Mateo,2007,M12,2007 Dec,3.8
San Mateo,2008,M01,2008 Jan,4.1
San Mateo,2008,M02,2008 Feb,4.0
San Mateo,2008,M03,2008 Mar,4.2
San Mateo,2008,M04,2008 Apr,3.9
San Mateo,2008,M05,2008 May,4.3
San Mateo,2008,M06,2008 Jun,4.9
San Mateo,2008,M07,2008 Jul,5.2
San Mateo,2008,M08,2008 Aug,5.4
San Mateo,2008,M09,2008 Sep,5.2
San Mateo,2008,M10,2008 Oct,5.5
San Mateo,2008,M11,2008 Nov,5.8
San Mateo,2008,M12,2008 Dec,6.2
San Mateo,2009,M01,2009 Jan,7.3
San Mateo,2009,M02,2009 Feb,7.7
San Mateo,2009,M03,2009 Mar,8.3
San Mateo,2009,M04,2009 Apr,8.0
San Mateo,2009,M05,2009 May,8.4
San Mateo,2009,M06,2009 Jun,9.1
San Mateo,2009,M07,2009 Jul,9.1
San Mateo,2009,M08,2009 Aug,9.2
San Mateo,2009,M09,2009 Sep,9.1
San Mateo,2009,M10,2009 Oct,9.1
San Mateo,2009,M11,2009 Nov,8.8
San Mateo,2009,M12,2009 Dec,8.8
San Mateo,2010,M01,2010 Jan,9.1
San Mateo,2010,M02,2010 Feb,8.9
San Mateo,2010,M03,2010 Mar,9.1
San Mateo,2010,M04,2010 Apr,8.5
San Mateo,2010,M05,2010 May,8.3
San Mateo,2010,M06,2010 Jun,8.7
San Mateo,2010,M07,2010 Jul,8.7
San Mateo,2010,M08,2010 Aug,8.6
San Mateo,2010,M09,2010 Sep,8.3
San Mateo,2010,M10,2010 Oct,8.2
San Mateo,2010,M11,2010 Nov,8.4
San Mateo,2010,M12,2010 Dec,7.9
San Mateo,2011,M01,2011 Jan,8.2
San Mateo,2011,M02,2011 Feb,7.9
San Mateo,2011,M03,2011 Mar,7.9
San Mateo,2011,M04,2011 Apr,7.5
San Mateo,2011,M05,2011 May,7.4
San Mateo,2011,M06,2011 Jun,8.1
San Mateo,2011,M07,2011 Jul,8.0
San Mateo,2011,M08,2011 Aug,7.8
San Mateo,2011,M09,2011 Sep,7.6
San Mateo,2011,M10,2011 Oct,7.4
San Mateo,2011,M11,2011 Nov,7.2
San Mateo,2011,M12,2011 Dec,6.9
San Mateo,2012,M01,2012 Jan,7.1
San Mateo,2012,M02,2012 Feb,7.1
San Mateo,2012,M03,2012 Mar,7.0
San Mateo,2012,M04,2012 Apr,6.4
San Mateo,2012,M05,2012 May,6.5
San Mateo,2012,M06,2012 Jun,6.9
San Mateo,2012,M07,2012 Jul,6.9
San Mateo,2012,M08,2012 Aug,6.6
San Mateo,2012,M09,2012 Sep,6.0
San Mateo,2012,M10,2012 Oct,6.0
San Mateo,2012,M11,2012 Nov,5.8
San Mateo,2012,M12,2012 Dec,5.7
San Mateo,2013,M01,2013 Jan,6.1
San Mateo,2013,M02,2013 Feb,5.7
San Mateo,2013,M03,2013 Mar,5.5
San Mateo,2013,M04,2013 Apr,5.1
San Mateo,2013,M05,2013 May,5.1
San Mateo,2013,M06,2013 Jun,5.7
San Mateo,2013,M07,2013 Jul,5.7
San Mateo,2013,M08,2013 Aug,5.4
San Mateo,2013,M09,2013 Sep,5.1
San Mateo,2013,M10,2013 Oct,5.2
San Mateo,2013,M11,2013 Nov,4.9
San Mateo,2013,M12,2013 Dec,4.5
San Mateo,2014,M01,2014 Jan,4.8
San Mateo,2014,M02,2014 Feb,4.8
San Mateo,2014,M03,2014 Mar,4.8
San Mateo,2014,M04,2014 Apr,4.0
San Mateo,2014,M05,2014 May,4.1
San Mateo,2014,M06,2014 Jun,4.4
San Mateo,2014,M07,2014 Jul,4.6
San Mateo,2014,M08,2014 Aug,4.4
San Mateo,2014,M09,2014 Sep,4.0
San Mateo,2014,M10,2014 Oct,4.0
San Mateo,2014,M11,2014 Nov,3.9
San Mateo,2014,M12,2014 Dec,3.5
San Mateo,2015,M01,2015 Jan,3.9
San Mateo,2015,M02,2015 Feb,3.7
San Mateo,2015,M03,2015 Mar,3.6
San Mateo,2015,M04,2015 Apr,3.4
San Mateo,2015,M05,2015 May,3.4
San Mateo,2015,M06,2015 Jun,3.6
San Mateo,2015,M07,2015 Jul,3.7
San Mateo,2015,M08,2015 Aug,3.4
San Mateo,2015,M09,2015 Sep,3.2
San Mateo,2015,M10,2015 Oct,3.3
San Mateo,2015,M11,2015 Nov,3.2
San Mateo,2015,M12,2015 Dec,3.0
San Mateo,2016,M01,2016 Jan,3.2
San Mateo,2016,M02,2016 Feb,3.1
San Mateo,2016,M03,2016 Mar,3.2
San Mateo,2016,M04,2016 Apr,3.0
San Mateo,2016,M05,2016 May,2.7
San Mateo,2016,M06,2016 Jun,3.2
San Mateo,2016,M07,2016 Jul,3.3
San Mateo,2016,M08,2016 Aug,3.2
San Mateo,2016,M09,2016 Sep,3.1
San Mateo,2016,M10,2016 Oct,3.1
San Mateo,2016,M11,2016 Nov,2.9
San Mateo,2016,M12,2016 Dec,2.8
San Mateo,2017,M01,2017 Jan,3.1
San Mateo,2017,M02,2017 Feb,3.0
San Mateo,2017,M03,2017 Mar,2.8
San Mateo,2017,M04,2017 Apr,2.6
San Mateo,2017,M05,2017 May,2.5
San Mateo,2017,M06,2017 Jun,3.0
San Mateo,2017,M07,2017 Jul,3.1
San Mateo,2017,M08,2017 Aug,3.0
San Mateo,2017,M09,2017 Sep,2.6
San Mateo,2017,M10,2017 Oct,2.5
San Mateo,2017,M11,2017 Nov,2.4
San Mateo,2017,M12,2017 Dec,2.3
San Mateo,2018,M01,2018 Jan,2.6
San Mateo,2018,M02,2018 Feb,2.4
San Mateo,2018,M03,2018 Mar,2.3
San Mateo,2018,M04,2018 Apr,2.1
San Mateo,2018,M05,2018 May,1.9
San Mateo,2018,M06,2018 Jun,2.5
San Mateo,2018,M07,2018 Jul,2.4
San Mateo,2018,M08,2018 Aug,2.4
San Mateo,2018,M09,2018 Sep,2.1
San Mateo,2018,M10,2018 Oct,2.2
San Mateo,2018,M11,2018 Nov,2.1
San Mateo,2018,M12,2018 Dec,2.1
San Mateo,2019,M01,2019 Jan,2.5
San Mateo,2019,M02,2019 Feb,2.2
San Mateo,2019,M03,2019 Mar,2.3
San Mateo,2019,M04,2019 Apr,1.9
San Mateo,2019,M05,2019 May,1.8
San Mateo,2019,M06,2019 Jun,2.2
San Mateo,2019,M07,2019 Jul,2.3
San Mateo,2019,M08,2019 Aug,2.2
San Mateo,2019,M09,2019 Sep,1.9
San Mateo,2019,M10,2019 Oct,2.0
San Mateo,2019,M11,2019 Nov,2.0
San Mateo,2019,M12,2019 Dec,1.9
San Mateo,2020,M01,2020 Jan,2.2
San Mateo,2020,M02,2020 Feb,2.1
San Mateo,2020,M03,2020 Mar,3.1
San Mateo,2020,M04,2020 Apr,11.5
San Mateo,2020,M05,2020 May,11.7
San Mateo,2020,M06,2020 Jun,10.5
San Mateo,2020,M07,2020 Jul,9.6
San Mateo,2020,M08,2020 Aug,8.0
San Mateo,2020,M09,2020 Sep,7.5
San Mateo,2020,M10,2020 Oct,6.5
San Mateo,2020,M11,2020 Nov,6.2
San Mateo,2020,M12,2020 Dec,6.0
San Mateo,2021,M01,2021 Jan,6.0
San Mateo,2021,M02,2021 Feb,5.7
San Mateo,2021,M03,2021 Mar,5.5
San Mateo,2021,M04,2021 Apr,5.3
San Mateo,2021,M05,2021 May,4.8
San Mateo,2021,M06,2021 Jun,5.3
San Mateo,2021,M07,2021 Jul,4.9
San Mateo,2021,M08,2021 Aug,4.5
San Mateo,2021,M09,2021 Sep,3.7
San Mateo,2021,M10,2021 Oct,3.5
San Mateo,2021,M11,2021 Nov,3.0
San Mateo,2021,M12,2021 Dec,2.7
San Mateo,2022,M01,2022 Jan,3.1
San Mateo,2022,M02,2022 Feb,2.7
San Mateo,2022,M03,2022 Mar,2.3
San Mateo,2022,M04,2022 Apr,1.9
San Mateo,2022,M05,2022 May,1.7
San Mateo,2022,M06,2022 Jun,2.1
San Mateo,2022,M07,2022 Jul,2.0
San Mateo,2022,M08,2022 Aug,2.2
San Mateo,2022,M09,2022 Sep,2.0
San Mateo,2022,M10,2022 Oct,2.0
Santa Clara,2000,M01,2000 Jan,3.5
Santa Clara,2000,M02,2000 Feb,3.4
Santa Clara,2000,M03,2000 Mar,3.4
Santa Clara,2000,M04,2000 Apr,3.0
Santa Clara,2000,M05,2000 May,3.0
Santa Clara,2000,M06,2000 Jun,3.3
Santa Clara,2000,M07,2000 Jul,3.3
Santa Clara,2000,M08,2000 Aug,3.2
Santa Clara,2000,M09,2000 Sep,2.9
Santa Clara,2000,M10,2000 Oct,2.7
Santa Clara,2000,M11,2000 Nov,2.6
Santa Clara,2000,M12,2000 Dec,2.4
Santa Clara,2001,M01,2001 Jan,3.0
Santa Clara,2001,M02,2001 Feb,2.9
Santa Clara,2001,M03,2001 Mar,3.4
Santa Clara,2001,M04,2001 Apr,3.6
Santa Clara,2001,M05,2001 May,3.9
Santa Clara,2001,M06,2001 Jun,4.9
Santa Clara,2001,M07,2001 Jul,5.5
Santa Clara,2001,M08,2001 Aug,6.2
Santa Clara,2001,M09,2001 Sep,6.4
Santa Clara,2001,M10,2001 Oct,7.2
Santa Clara,2001,M11,2001 Nov,7.4
Santa Clara,2001,M12,2001 Dec,7.1
Santa Clara,2002,M01,2002 Jan,8.2
Santa Clara,2002,M02,2002 Feb,8.2
Santa Clara,2002,M03,2002 Mar,8.4
Santa Clara,2002,M04,2002 Apr,8.2
Santa Clara,2002,M05,2002 May,8.0
Santa Clara,2002,M06,2002 Jun,8.6
Santa Clara,2002,M07,2002 Jul,8.6
Santa Clara,2002,M08,2002 Aug,8.6
Santa Clara,2002,M09,2002 Sep,8.5
Santa Clara,2002,M10,2002 Oct,8.6
Santa Clara,2002,M11,2002 Nov,8.7
Santa Clara,2002,M12,2002 Dec,8.5
Santa Clara,2003,M01,2003 Jan,9.1
Santa Clara,2003,M02,2003 Feb,8.9
Santa Clara,2003,M03,2003 Mar,8.9
Santa Clara,2003,M04,2003 Apr,8.5
Santa Clara,2003,M05,2003 May,8.4
Santa Clara,2003,M06,2003 Jun,9.2
Santa Clara,2003,M07,2003 Jul,8.8
Santa Clara,2003,M08,2003 Aug,8.5
Santa Clara,2003,M09,2003 Sep,8.1
Santa Clara,2003,M10,2003 Oct,7.8
Santa Clara,2003,M11,2003 Nov,7.7
Santa Clara,2003,M12,2003 Dec,6.9
Santa Clara,2004,M01,2004 Jan,7.6
Santa Clara,2004,M02,2004 Feb,7.2
Santa Clara,2004,M03,2004 Mar,7.3
Santa Clara,2004,M04,2004 Apr,6.7
Santa Clara,2004,M05,2004 May,6.3
Santa Clara,2004,M06,2004 Jun,6.7
Santa Clara,2004,M07,2004 Jul,6.6
Santa Clara,2004,M08,2004 Aug,6.2
Santa Clara,2004,M09,2004 Sep,5.8
Santa Clara,2004,M10,2004 Oct,5.7
Santa Clara,2004,M11,2004 Nov,5.7
Santa Clara,2004,M12,2004 Dec,5.4
Santa Clara,2005,M01,2005 Jan,5.8
Santa Clara,2005,M02,2005 Feb,5.9
Santa Clara,2005,M03,2005 Mar,5.7
Santa Clara,2005,M04,2005 Apr,5.3
Santa Clara,2005,M05,2005 May,5.1
Santa Clara,2005,M06,2005 Jun,5.5
Santa Clara,2005,M07,2005 Jul,5.5
Santa Clara,2005,M08,2005 Aug,5.2
Santa Clara,2005,M09,2005 Sep,5.1
Santa Clara,2005,M10,2005 Oct,5.0
Santa Clara,2005,M11,2005 Nov,5.0
Santa Clara,2005,M12,2005 Dec,4.5
Santa Clara,2006,M01,2006 Jan,4.8
Santa Clara,2006,M02,2006 Feb,4.9
Santa Clara,2006,M03,2006 Mar,4.7
Santa Clara,2006,M04,2006 Apr,4.3
Santa Clara,2006,M05,2006 May,4.1
Santa Clara,2006,M06,2006 Jun,4.6
Santa Clara,2006,M07,2006 Jul,4.8
Santa Clara,2006,M08,2006 Aug,4.6
Santa Clara,2006,M09,2006 Sep,4.4
Santa Clara,2006,M10,2006 Oct,4.2
Santa Clara,2006,M11,2006 Nov,4.3
Santa Clara,2006,M12,2006 Dec,4.0
Santa Clara,2007,M01,2007 Jan,4.7
Santa Clara,2007,M02,2007 Feb,4.5
Santa Clara,2007,M03,2007 Mar,4.5
Santa Clara,2007,M04,2007 Apr,4.3
Santa Clara,2007,M05,2007 May,4.2
Santa Clara,2007,M06,2007 Jun,4.8
Santa Clara,2007,M07,2007 Jul,5.0
Santa Clara,2007,M08,2007 Aug,4.9
Santa Clara,2007,M09,2007 Sep,4.7
Santa Clara,2007,M10,2007 Oct,4.7
Santa Clara,2007,M11,2007 Nov,4.7
Santa Clara,2007,M12,2007 Dec,4.7
Santa Clara,2008,M01,2008 Jan,5.0
Santa Clara,2008,M02,2008 Feb,4.9
Santa Clara,2008,M03,2008 Mar,5.2
Santa Clara,2008,M04,2008 Apr,4.9
Santa Clara,2008,M05,2008 May,5.3
Santa Clara,2008,M06,2008 Jun,6.0
Santa Clara,2008,M07,2008 Jul,6.3
Santa Clara,2008,M08,2008 Aug,6.5
Santa Clara,2008,M09,2008 Sep,6.4
Santa Clara,2008,M10,2008 Oct,6.8
Santa Clara,2008,M11,2008 Nov,7.2
Santa Clara,2008,M12,2008 Dec,7.8
Santa Clara,2009,M01,2009 Jan,9.2
Santa Clara,2009,M02,2009 Feb,9.9
Santa Clara,2009,M03,2009 Mar,10.6
Santa Clara,2009,M04,2009 Apr,10.6
Santa Clara,2009,M05,2009 May,10.9
Santa Clara,2009,M06,2009 Jun,11.7
Santa Clara,2009,M07,2009 Jul,11.8
Santa Clara,2009,M08,2009 Aug,11.8
Santa Clara,2009,M09,2009 Sep,11.7
Santa Clara,2009,M10,2009 Oct,11.7
Santa Clara,2009,M11,2009 Nov,11.3
Santa Clara,2009,M12,2009 Dec,11.2
Santa Clara,2010,M01,2010 Jan,11.5
Santa Clara,2010,M02,2010 Feb,11.2
Santa Clara,2010,M03,2010 Mar,11.3
Santa Clara,2010,M04,2010 Apr,10.8
Santa Clara,2010,M05,2010 May,10.4
Santa Clara,2010,M06,2010 Jun,10.7
Santa Clara,2010,M07,2010 Jul,10.8
Santa Clara,2010,M08,2010 Aug,10.7
Santa Clara,2010,M09,2010 Sep,10.3
Santa Clara,2010,M10,2010 Oct,10.1
Santa Clara,2010,M11,2010 Nov,10.3
Santa Clara,2010,M12,2010 Dec,9.8
Santa Clara,2011,M01,2011 Jan,10.2
Santa Clara,2011,M02,2011 Feb,9.9
Santa Clara,2011,M03,2011 Mar,9.8
Santa Clara,2011,M04,2011 Apr,9.4
Santa Clara,2011,M05,2011 May,9.3
Santa Clara,2011,M06,2011 Jun,9.8
Santa Clara,2011,M07,2011 Jul,9.8
Santa Clara,2011,M08,2011 Aug,9.6
Santa Clara,2011,M09,2011 Sep,9.4
Santa Clara,2011,M10,2011 Oct,9.1
Santa Clara,2011,M11,2011 Nov,8.8
Santa Clara,2011,M12,2011 Dec,8.6
Santa Clara,2012,M01,2012 Jan,8.8
Santa Clara,2012,M02,2012 Feb,8.6
Santa Clara,2012,M03,2012 Mar,8.5
Santa Clara,2012,M04,2012 Apr,7.9
Santa Clara,2012,M05,2012 May,7.9
Santa Clara,2012,M06,2012 Jun,8.4
Santa Clara,2012,M07,2012 Jul,8.5
Santa Clara,2012,M08,2012 Aug,8.1
Santa Clara,2012,M09,2012 Sep,7.5
Santa Clara,2012,M10,2012 Oct,7.4
Santa Clara,2012,M11,2012 Nov,7.2
Santa Clara,2012,M12,2012 Dec,7.1
Santa Clara,2013,M01,2013 Jan,7.5
Santa Clara,2013,M02,2013 Feb,7.1
Santa Clara,2013,M03,2013 Mar,6.9
Santa Clara,2013,M04,2013 Apr,6.4
Santa Clara,2013,M05,2013 May,6.3
Santa Clara,2013,M06,2013 Jun,6.9
Santa Clara,2013,M07,2013 Jul,6.9
Santa Clara,2013,M08,2013 Aug,6.6
Santa Clara,2013,M09,2013 Sep,6.3
Santa Clara,2013,M10,2013 Oct,6.2
Santa Clara,2013,M11,2013 Nov,5.9
Santa Clara,2013,M12,2013 Dec,5.5
Santa Clara,2014,M01,2014 Jan,5.8
Santa Clara,2014,M02,2014 Feb,5.8
Santa Clara,2014,M03,2014 Mar,5.8
Santa Clara,2014,M04,2014 Apr,5.0
Santa Clara,2014,M05,2014 May,5.0
Santa Clara,2014,M06,2014 Jun,5.3
Santa Clara,2014,M07,2014 Jul,5.6
Santa Clara,2014,M08,2014 Aug,5.4
Santa Clara,2014,M09,2014 Sep,4.9
Santa Clara,2014,M10,2014 Oct,4.8
Santa Clara,2014,M11,2014 Nov,4.7
Santa Clara,2014,M12,2014 Dec,4.3
Santa Clara,2015,M01,2015 Jan,4.8
Santa Clara,2015,M02,2015 Feb,4.5
Santa Clara,2015,M03,2015 Mar,4.4
Santa Clara,2015,M04,2015 Apr,4.1
Santa Clara,2015,M05,2015 May,4.1
Santa Clara,2015,M06,2015 Jun,4.3
Santa Clara,2015,M07,2015 Jul,4.4
Santa Clara,2015,M08,2015 Aug,4.2
Santa Clara,2015,M09,2015 Sep,3.9
Santa Clara,2015,M10,2015 Oct,4.0
Santa Clara,2015,M11,2015 Nov,3.9
Santa Clara,2015,M12,2015 Dec,3.7
Santa Clara,2016,M01,2016 Jan,3.9
Santa Clara,2016,M02,2016 Feb,3.9
Santa Clara,2016,M03,2016 Mar,4.0
Santa Clara,2016,M04,2016 Apr,3.7
Santa Clara,2016,M05,2016 May,3.4
Santa Clara,2016,M06,2016 Jun,4.0
Santa Clara,2016,M07,2016 Jul,4.0
Santa Clara,2016,M08,2016 Aug,4.0
Santa Clara,2016,M09,2016 Sep,3.8
Santa Clara,2016,M10,2016 Oct,3.8
Santa Clara,2016,M11,2016 Nov,3.5
Santa Clara,2016,M12,2016 Dec,3.4
Santa Clara,2017,M01,2017 Jan,3.8
Santa Clara,2017,M02,2017 Feb,3.6
Santa Clara,2017,M03,2017 Mar,3.4
Santa Clara,2017,M04,2017 Apr,3.2
Santa Clara,2017,M05,2017 May,3.0
Santa Clara,2017,M06,2017 Jun,3.4
Santa Clara,2017,M07,2017 Jul,3.5
Santa Clara,2017,M08,2017 Aug,3.5
Santa Clara,2017,M09,2017 Sep,3.0
Santa Clara,2017,M10,2017 Oct,2.9
Santa Clara,2017,M11,2017 Nov,2.8
Santa Clara,2017,M12,2017 Dec,2.7
Santa Clara,2018,M01,2018 Jan,3.0
Santa Clara,2018,M02,2018 Feb,2.9
Santa Clara,2018,M03,2018 Mar,2.8
Santa Clara,2018,M04,2018 Apr,2.5
Santa Clara,2018,M05,2018 May,2.3
Santa Clara,2018,M06,2018 Jun,2.9
Santa Clara,2018,M07,2018 Jul,2.8
Santa Clara,2018,M08,2018 Aug,2.8
Santa Clara,2018,M09,2018 Sep,2.5
Santa Clara,2018,M10,2018 Oct,2.6
Santa Clara,2018,M11,2018 Nov,2.5
Santa Clara,2018,M12,2018 Dec,2.5
Santa Clara,2019,M01,2019 Jan,3.0
Santa Clara,2019,M02,2019 Feb,2.6
Santa Clara,2019,M03,2019 Mar,2.7
Santa Clara,2019,M04,2019 Apr,2.3
Santa Clara,2019,M05,2019 May,2.2
Santa Clara,2019,M06,2019 Jun,2.7
Santa Clara,2019,M07,2019 Jul,2.8
Santa Clara,2019,M08,2019 Aug,2.7
Santa Clara,2019,M09,2019 Sep,2.3
Santa Clara,2019,M10,2019 Oct,2.4
Santa Clara,2019,M11,2019 Nov,2.4
Santa Clara,2019,M12,2019 Dec,2.3
Santa Clara,2020,M01,2020 Jan,2.7
Santa Clara,2020,M02,2020 Feb,2.5
Santa Clara,2020,M03,2020 Mar,3.8
Santa Clara,2020,M04,2020 Apr,12.0
Santa Clara,2020,M05,2020 May,11.8
Santa Clara,2020,M06,2020 Jun,10.4
Santa Clara,2020,M07,2020 Jul,9.6
Santa Clara,2020,M08,2020 Aug,7.9
Santa Clara,2020,M09,2020 Sep,7.3
Santa Clara,2020,M10,2020 Oct,6.5
Santa Clara,2020,M11,2020 Nov,6.2
Santa Clara,2020,M12,2020 Dec,6.1
Santa Clara,2021,M01,2021 Jan,6.1
Santa Clara,2021,M02,2021 Feb,5.9
Santa Clara,2021,M03,2021 Mar,5.7
Santa Clara,2021,M04,2021 Apr,5.4
Santa Clara,2021,M05,2021 May,4.9
Santa Clara,2021,M06,2021 Jun,5.4
Santa Clara,2021,M07,2021 Jul,5.0
Santa Clara,2021,M08,2021 Aug,4.7
Santa Clara,2021,M09,2021 Sep,3.8
Santa Clara,2021,M10,2021 Oct,3.6
Santa Clara,2021,M11,2021 Nov,3.2
Santa Clara,2021,M12,2021 Dec,2.8
Santa Clara,2022,M01,2022 Jan,3.3
Santa Clara,2022,M02,2022 Feb,2.9
Santa Clara,2022,M03,2022 Mar,2.5
Santa Clara,2022,M04,2022 Apr,2.1
Santa Clara,2022,M05,2022 May,1.8
Santa Clara,2022,M06,2022 Jun,2.2
Santa Clara,2022,M07,2022 Jul,2.1
Santa Clara,2022,M08,2022 Aug,2.3
Santa Clara,2022,M09,2022 Sep,2.1
Santa Clara,2022,M10,2022 Oct,2.2
Solano County,2000,M01,2000 Jan,5.5
Solano County,2000,M02,2000 Feb,5.3
Solano County,2000,M03,2000 Mar,5.3
Solano County,2000,M04,2000 Apr,4.5
Solano County,2000,M05,2000 May,4.5
Solano County,2000,M06,2000 Jun,4.7
Solano County,2000,M07,2000 Jul,4.8
Solano County,2000,M08,2000 Aug,4.5
Solano County,2000,M09,2000 Sep,4.1
Solano County,2000,M10,2000 Oct,4.0
Solano County,2000,M11,2000 Nov,4.1
Solano County,2000,M12,2000 Dec,3.8
Solano County,2001,M01,2001 Jan,4.7
Solano County,2001,M02,2001 Feb,4.5
Solano County,2001,M03,2001 Mar,4.6
Solano County,2001,M04,2001 Apr,4.2
Solano County,2001,M05,2001 May,3.9
Solano County,2001,M06,2001 Jun,4.6
Solano County,2001,M07,2001 Jul,4.7
Solano County,2001,M08,2001 Aug,4.8
Solano County,2001,M09,2001 Sep,4.5
Solano County,2001,M10,2001 Oct,4.8
Solano County,2001,M11,2001 Nov,5.2
Solano County,2001,M12,2001 Dec,5.2
Solano County,2002,M01,2002 Jan,6.0
Solano County,2002,M02,2002 Feb,5.8
Solano County,2002,M03,2002 Mar,6.0
Solano County,2002,M04,2002 Apr,5.6
Solano County,2002,M05,2002 May,5.4
Solano County,2002,M06,2002 Jun,6.0
Solano County,2002,M07,2002 Jul,6.2
Solano County,2002,M08,2002 Aug,6.0
Solano County,2002,M09,2002 Sep,5.6
Solano County,2002,M10,2002 Oct,5.6
Solano County,2002,M11,2002 Nov,6.0
Solano County,2002,M12,2002 Dec,5.9
Solano County,2003,M01,2003 Jan,6.8
Solano County,2003,M02,2003 Feb,6.6
Solano County,2003,M03,2003 Mar,6.6
Solano County,2003,M04,2003 Apr,6.3
Solano County,2003,M05,2003 May,6.1
Solano County,2003,M06,2003 Jun,6.8
Solano County,2003,M07,2003 Jul,6.6
Solano County,2003,M08,2003 Aug,6.4
Solano County,2003,M09,2003 Sep,6.1
Solano County,2003,M10,2003 Oct,6.0
Solano County,2003,M11,2003 Nov,6.2
Solano County,2003,M12,2003 Dec,5.8
Solano County,2004,M01,2004 Jan,6.6
Solano County,2004,M02,2004 Feb,6.3
Solano County,2004,M03,2004 Mar,6.6
Solano County,2004,M04,2004 Apr,5.9
Solano County,2004,M05,2004 May,5.6
Solano County,2004,M06,2004 Jun,6.0
Solano County,2004,M07,2004 Jul,6.1
Solano County,2004,M08,2004 Aug,5.6
Solano County,2004,M09,2004 Sep,5.2
Solano County,2004,M10,2004 Oct,5.3
Solano County,2004,M11,2004 Nov,5.4
Solano County,2004,M12,2004 Dec,5.3
Solano County,2005,M01,2005 Jan,6.0
Solano County,2005,M02,2005 Feb,6.0
Solano County,2005,M03,2005 Mar,5.8
Solano County,2005,M04,2005 Apr,5.4
Solano County,2005,M05,2005 May,5.1
Solano County,2005,M06,2005 Jun,5.5
Solano County,2005,M07,2005 Jul,5.6
Solano County,2005,M08,2005 Aug,5.2
Solano County,2005,M09,2005 Sep,5.0
Solano County,2005,M10,2005 Oct,4.9
Solano County,2005,M11,2005 Nov,5.1
Solano County,2005,M12,2005 Dec,4.8
Solano County,2006,M01,2006 Jan,5.3
Solano County,2006,M02,2006 Feb,5.3
Solano County,2006,M03,2006 Mar,5.2
Solano County,2006,M04,2006 Apr,5.0
Solano County,2006,M05,2006 May,4.5
Solano County,2006,M06,2006 Jun,5.0
Solano County,2006,M07,2006 Jul,5.1
Solano County,2006,M08,2006 Aug,4.8
Solano County,2006,M09,2006 Sep,4.5
Solano County,2006,M10,2006 Oct,4.4
Solano County,2006,M11,2006 Nov,4.7
Solano County,2006,M12,2006 Dec,4.6
Solano County,2007,M01,2007 Jan,5.3
Solano County,2007,M02,2007 Feb,5.2
Solano County,2007,M03,2007 Mar,5.1
Solano County,2007,M04,2007 Apr,4.8
Solano County,2007,M05,2007 May,4.6
Solano County,2007,M06,2007 Jun,5.2
Solano County,2007,M07,2007 Jul,5.6
Solano County,2007,M08,2007 Aug,5.4
Solano County,2007,M09,2007 Sep,5.2
Solano County,2007,M10,2007 Oct,5.2
Solano County,2007,M11,2007 Nov,5.4
Solano County,2007,M12,2007 Dec,5.7
Solano County,2008,M01,2008 Jan,6.2
Solano County,2008,M02,2008 Feb,6.0
Solano County,2008,M03,2008 Mar,6.3
Solano County,2008,M04,2008 Apr,5.8
Solano County,2008,M05,2008 May,6.1
Solano County,2008,M06,2008 Jun,6.8
Solano County,2008,M07,2008 Jul,7.1
Solano County,2008,M08,2008 Aug,7.4
Solano County,2008,M09,2008 Sep,7.2
Solano County,2008,M10,2008 Oct,7.5
Solano County,2008,M11,2008 Nov,8.0
Solano County,2008,M12,2008 Dec,8.6
Solano County,2009,M01,2009 Jan,9.8
Solano County,2009,M02,2009 Feb,10.2
Solano County,2009,M03,2009 Mar,10.6
Solano County,2009,M04,2009 Apr,10.1
Solano County,2009,M05,2009 May,10.3
Solano County,2009,M06,2009 Jun,11.1
Solano County,2009,M07,2009 Jul,11.2
Solano County,2009,M08,2009 Aug,11.1
Solano County,2009,M09,2009 Sep,11.2
Solano County,2009,M10,2009 Oct,11.4
Solano County,2009,M11,2009 Nov,11.4
Solano County,2009,M12,2009 Dec,11.6
Solano County,2010,M01,2010 Jan,13.5
Solano County,2010,M02,2010 Feb,13.4
Solano County,2010,M03,2010 Mar,13.4
Solano County,2010,M04,2010 Apr,12.7
Solano County,2010,M05,2010 May,12.3
Solano County,2010,M06,2010 Jun,12.9
Solano County,2010,M07,2010 Jul,12.9
Solano County,2010,M08,2010 Aug,12.7
Solano County,2010,M09,2010 Sep,12.5
Solano County,2010,M10,2010 Oct,12.4
Solano County,2010,M11,2010 Nov,12.8
Solano County,2010,M12,2010 Dec,12.7
Solano County,2011,M01,2011 Jan,13.3
Solano County,2011,M02,2011 Feb,13.0
Solano County,2011,M03,2011 Mar,13.0
Solano County,2011,M04,2011 Apr,12.3
Solano County,2011,M05,2011 May,12.1
Solano County,2011,M06,2011 Jun,12.8
Solano County,2011,M07,2011 Jul,12.9
Solano County,2011,M08,2011 Aug,12.5
Solano County,2011,M09,2011 Sep,12.1
Solano County,2011,M10,2011 Oct,11.7
Solano County,2011,M11,2011 Nov,11.4
Solano County,2011,M12,2011 Dec,11.5
Solano County,2012,M01,2012 Jan,12.0
Solano County,2012,M02,2012 Feb,11.9
Solano County,2012,M03,2012 Mar,11.8
Solano County,2012,M04,2012 Apr,10.9
Solano County,2012,M05,2012 May,10.7
Solano County,2012,M06,2012 Jun,11.3
Solano County,2012,M07,2012 Jul,11.3
Solano County,2012,M08,2012 Aug,10.8
Solano County,2012,M09,2012 Sep,9.9
Solano County,2012,M10,2012 Oct,9.9
Solano County,2012,M11,2012 Nov,9.8
Solano County,2012,M12,2012 Dec,9.9
Solano County,2013,M01,2013 Jan,10.7
Solano County,2013,M02,2013 Feb,10.0
Solano County,2013,M03,2013 Mar,9.6
Solano County,2013,M04,2013 Apr,9.0
Solano County,2013,M05,2013 May,8.9
Solano County,2013,M06,2013 Jun,9.5
Solano County,2013,M07,2013 Jul,9.4
Solano County,2013,M08,2013 Aug,9.1
Solano County,2013,M09,2013 Sep,8.6
Solano County,2013,M10,2013 Oct,8.7
Solano County,2013,M11,2013 Nov,8.5
Solano County,2013,M12,2013 Dec,8.2
Solano County,2014,M01,2014 Jan,8.8
Solano County,2014,M02,2014 Feb,8.7
Solano County,2014,M03,2014 Mar,8.7
Solano County,2014,M04,2014 Apr,7.6
Solano County,2014,M05,2014 May,7.4
Solano County,2014,M06,2014 Jun,7.7
Solano County,2014,M07,2014 Jul,8.0
Solano County,2014,M08,2014 Aug,7.6
Solano County,2014,M09,2014 Sep,6.9
Solano County,2014,M10,2014 Oct,6.8
Solano County,2014,M11,2014 Nov,6.8
Solano County,2014,M12,2014 Dec,6.6
Solano County,2015,M01,2015 Jan,7.1
Solano County,2015,M02,2015 Feb,6.9
Solano County,2015,M03,2015 Mar,6.7
Solano County,2015,M04,2015 Apr,6.1
Solano County,2015,M05,2015 May,6.0
Solano County,2015,M06,2015 Jun,6.3
Solano County,2015,M07,2015 Jul,6.5
Solano County,2015,M08,2015 Aug,6.0
Solano County,2015,M09,2015 Sep,5.6
Solano County,2015,M10,2015 Oct,5.6
Solano County,2015,M11,2015 Nov,5.7
Solano County,2015,M12,2015 Dec,5.5
Solano County,2016,M01,2016 Jan,6.0
Solano County,2016,M02,2016 Feb,5.8
Solano County,2016,M03,2016 Mar,5.9
Solano County,2016,M04,2016 Apr,5.4
Solano County,2016,M05,2016 May,4.9
Solano County,2016,M06,2016 Jun,5.7
Solano County,2016,M07,2016 Jul,5.8
Solano County,2016,M08,2016 Aug,5.6
Solano County,2016,M09,2016 Sep,5.3
Solano County,2016,M10,2016 Oct,5.3
Solano County,2016,M11,2016 Nov,5.2
Solano County,2016,M12,2016 Dec,5.2
Solano County,2017,M01,2017 Jan,5.8
Solano County,2017,M02,2017 Feb,5.6
Solano County,2017,M03,2017 Mar,5.2
Solano County,2017,M04,2017 Apr,4.8
Solano County,2017,M05,2017 May,4.4
Solano County,2017,M06,2017 Jun,4.9
Solano County,2017,M07,2017 Jul,5.1
Solano County,2017,M08,2017 Aug,4.9
Solano County,2017,M09,2017 Sep,4.3
Solano County,2017,M10,2017 Oct,4.2
Solano County,2017,M11,2017 Nov,4.2
Solano County,2017,M12,2017 Dec,4.2
Solano County,2018,M01,2018 Jan,4.6
Solano County,2018,M02,2018 Feb,4.4
Solano County,2018,M03,2018 Mar,4.3
Solano County,2018,M04,2018 Apr,3.8
Solano County,2018,M05,2018 May,3.4
Solano County,2018,M06,2018 Jun,4.1
Solano County,2018,M07,2018 Jul,4.1
Solano County,2018,M08,2018 Aug,4.0
Solano County,2018,M09,2018 Sep,3.6
Solano County,2018,M10,2018 Oct,3.7
Solano County,2018,M11,2018 Nov,3.6
Solano County,2018,M12,2018 Dec,4.0
Solano County,2019,M01,2019 Jan,4.7
Solano County,2019,M02,2019 Feb,4.3
Solano County,2019,M03,2019 Mar,4.3
Solano County,2019,M04,2019 Apr,3.6
Solano County,2019,M05,2019 May,3.4
Solano County,2019,M06,2019 Jun,3.9
Solano County,2019,M07,2019 Jul,4.1
Solano County,2019,M08,2019 Aug,3.9
Solano County,2019,M09,2019 Sep,3.3
Solano County,2019,M10,2019 Oct,3.5
Solano County,2019,M11,2019 Nov,3.5
Solano County,2019,M12,2019 Dec,3.6
Solano County,2020,M01,2020 Jan,4.2
Solano County,2020,M02,2020 Feb,3.9
Solano County,2020,M03,2020 Mar,5.8
Solano County,2020,M04,2020 Apr,15.6
Solano County,2020,M05,2020 May,15.3
Solano County,2020,M06,2020 Jun,13.2
Solano County,2020,M07,2020 Jul,12.5
Solano County,2020,M08,2020 Aug,10.7
Solano County,2020,M09,2020 Sep,10.2
Solano County,2020,M10,2020 Oct,9.2
Solano County,2020,M11,2020 Nov,9.0
Solano County,2020,M12,2020 Dec,9.2
Solano County,2021,M01,2021 Jan,9.3
Solano County,2021,M02,2021 Feb,9.1
Solano County,2021,M03,2021 Mar,8.7
Solano County,2021,M04,2021 Apr,8.3
Solano County,2021,M05,2021 May,7.6
Solano County,2021,M06,2021 Jun,8.3
Solano County,2021,M07,2021 Jul,7.8
Solano County,2021,M08,2021 Aug,7.4
Solano County,2021,M09,2021 Sep,6.3
Solano County,2021,M10,2021 Oct,6.0
Solano County,2021,M11,2021 Nov,5.5
Solano County,2021,M12,2021 Dec,5.1
Solano County,2022,M01,2022 Jan,6.0
Solano County,2022,M02,2022 Feb,5.3
Solano County,2022,M03,2022 Mar,4.6
Solano County,2022,M04,2022 Apr,4.0
Solano County,2022,M05,2022 May,3.5
Solano County,2022,M06,2022 Jun,4.0
Solano County,2022,M07,2022 Jul,3.9
Solano County,2022,M08,2022 Aug,4.2
Solano County,2022,M09,2022 Sep,3.8
Solano County,2022,M10,2022 Oct,3.9
Sonoma County,2000,M01,2000 Jan,3.6
Sonoma County,2000,M02,2000 Feb,3.6
Sonoma County,2000,M03,2000 Mar,3.6
Sonoma County,2000,M04,2000 Apr,3.1
Sonoma County,2000,M05,2000 May,3.1
Sonoma County,2000,M06,2000 Jun,3.6
Sonoma County,2000,M07,2000 Jul,3.7
Sonoma County,2000,M08,2000 Aug,3.6
Sonoma County,2000,M09,2000 Sep,3.1
Sonoma County,2000,M10,2000 Oct,3.0
Sonoma County,2000,M11,2000 Nov,3.0
Sonoma County,2000,M12,2000 Dec,2.8
Sonoma County,2001,M01,2001 Jan,3.6
Sonoma County,2001,M02,2001 Feb,3.3
Sonoma County,2001,M03,2001 Mar,3.5
Sonoma County,2001,M04,2001 Apr,3.2
Sonoma County,2001,M05,2001 May,3.0
Sonoma County,2001,M06,2001 Jun,3.7
Sonoma County,2001,M07,2001 Jul,3.8
Sonoma County,2001,M08,2001 Aug,4.0
Sonoma County,2001,M09,2001 Sep,3.7
Sonoma County,2001,M10,2001 Oct,4.0
Sonoma County,2001,M11,2001 Nov,4.4
Sonoma County,2001,M12,2001 Dec,4.2
Sonoma County,2002,M01,2002 Jan,5.2
Sonoma County,2002,M02,2002 Feb,5.1
Sonoma County,2002,M03,2002 Mar,5.4
Sonoma County,2002,M04,2002 Apr,5.1
Sonoma County,2002,M05,2002 May,4.7
Sonoma County,2002,M06,2002 Jun,5.2
Sonoma County,2002,M07,2002 Jul,5.3
Sonoma County,2002,M08,2002 Aug,5.3
Sonoma County,2002,M09,2002 Sep,4.8
Sonoma County,2002,M10,2002 Oct,4.9
Sonoma County,2002,M11,2002 Nov,5.3
Sonoma County,2002,M12,2002 Dec,5.1
Sonoma County,2003,M01,2003 Jan,5.8
Sonoma County,2003,M02,2003 Feb,5.7
Sonoma County,2003,M03,2003 Mar,5.8
Sonoma County,2003,M04,2003 Apr,5.5
Sonoma County,2003,M05,2003 May,5.3
Sonoma County,2003,M06,2003 Jun,5.9
Sonoma County,2003,M07,2003 Jul,5.9
Sonoma County,2003,M08,2003 Aug,5.7
Sonoma County,2003,M09,2003 Sep,5.2
Sonoma County,2003,M10,2003 Oct,5.1
Sonoma County,2003,M11,2003 Nov,5.2
Sonoma County,2003,M12,2003 Dec,4.9
Sonoma County,2004,M01,2004 Jan,5.7
Sonoma County,2004,M02,2004 Feb,5.5
Sonoma County,2004,M03,2004 Mar,5.7
Sonoma County,2004,M04,2004 Apr,5.0
Sonoma County,2004,M05,2004 May,4.7
Sonoma County,2004,M06,2004 Jun,5.1
Sonoma County,2004,M07,2004 Jul,5.2
Sonoma County,2004,M08,2004 Aug,4.8
Sonoma County,2004,M09,2004 Sep,4.4
Sonoma County,2004,M10,2004 Oct,4.5
Sonoma County,2004,M11,2004 Nov,4.6
Sonoma County,2004,M12,2004 Dec,4.4
Sonoma County,2005,M01,2005 Jan,4.9
Sonoma County,2005,M02,2005 Feb,5.0
Sonoma County,2005,M03,2005 Mar,4.9
Sonoma County,2005,M04,2005 Apr,4.4
Sonoma County,2005,M05,2005 May,4.1
Sonoma County,2005,M06,2005 Jun,4.5
Sonoma County,2005,M07,2005 Jul,4.6
Sonoma County,2005,M08,2005 Aug,4.3
Sonoma County,2005,M09,2005 Sep,4.1
Sonoma County,2005,M10,2005 Oct,4.0
Sonoma County,2005,M11,2005 Nov,4.3
Sonoma County,2005,M12,2005 Dec,3.9
Sonoma County,2006,M01,2006 Jan,4.4
Sonoma County,2006,M02,2006 Feb,4.4
Sonoma County,2006,M03,2006 Mar,4.4
Sonoma County,2006,M04,2006 Apr,4.1
Sonoma County,2006,M05,2006 May,3.6
Sonoma County,2006,M06,2006 Jun,4.1
Sonoma County,2006,M07,2006 Jul,4.3
Sonoma County,2006,M08,2006 Aug,4.0
Sonoma County,2006,M09,2006 Sep,3.7
Sonoma County,2006,M10,2006 Oct,3.5
Sonoma County,2006,M11,2006 Nov,3.8
Sonoma County,2006,M12,2006 Dec,3.7
Sonoma County,2007,M01,2007 Jan,4.4
Sonoma County,2007,M02,2007 Feb,4.3
Sonoma County,2007,M03,2007 Mar,4.3
Sonoma County,2007,M04,2007 Apr,4.0
Sonoma County,2007,M05,2007 May,3.8
Sonoma County,2007,M06,2007 Jun,4.3
Sonoma County,2007,M07,2007 Jul,4.6
Sonoma County,2007,M08,2007 Aug,4.5
Sonoma County,2007,M09,2007 Sep,4.3
Sonoma County,2007,M10,2007 Oct,4.2
Sonoma County,2007,M11,2007 Nov,4.4
Sonoma County,2007,M12,2007 Dec,4.5
Sonoma County,2008,M01,2008 Jan,5.2
Sonoma County,2008,M02,2008 Feb,5.0
Sonoma County,2008,M03,2008 Mar,5.2
Sonoma County,2008,M04,2008 Apr,4.8
Sonoma County,2008,M05,2008 May,5.0
Sonoma County,2008,M06,2008 Jun,5.6
Sonoma County,2008,M07,2008 Jul,6.2
Sonoma County,2008,M08,2008 Aug,6.2
Sonoma County,2008,M09,2008 Sep,5.9
Sonoma County,2008,M10,2008 Oct,6.2
Sonoma County,2008,M11,2008 Nov,6.7
Sonoma County,2008,M12,2008 Dec,7.4
Sonoma County,2009,M01,2009 Jan,8.6
Sonoma County,2009,M02,2009 Feb,9.2
Sonoma County,2009,M03,2009 Mar,9.7
Sonoma County,2009,M04,2009 Apr,9.3
Sonoma County,2009,M05,2009 May,9.5
Sonoma County,2009,M06,2009 Jun,10.2
Sonoma County,2009,M07,2009 Jul,10.4
Sonoma County,2009,M08,2009 Aug,10.1
Sonoma County,2009,M09,2009 Sep,10.0
Sonoma County,2009,M10,2009 Oct,10.1
Sonoma County,2009,M11,2009 Nov,10.2
Sonoma County,2009,M12,2009 Dec,10.4
Sonoma County,2010,M01,2010 Jan,11.9
Sonoma County,2010,M02,2010 Feb,11.9
Sonoma County,2010,M03,2010 Mar,11.9
Sonoma County,2010,M04,2010 Apr,11.1
Sonoma County,2010,M05,2010 May,10.5
Sonoma County,2010,M06,2010 Jun,11.0
Sonoma County,2010,M07,2010 Jul,11.2
Sonoma County,2010,M08,2010 Aug,11.1
Sonoma County,2010,M09,2010 Sep,10.5
Sonoma County,2010,M10,2010 Oct,10.3
Sonoma County,2010,M11,2010 Nov,10.9
Sonoma County,2010,M12,2010 Dec,10.6
Sonoma County,2011,M01,2011 Jan,11.3
Sonoma County,2011,M02,2011 Feb,11.0
Sonoma County,2011,M03,2011 Mar,10.8
Sonoma County,2011,M04,2011 Apr,10.2
Sonoma County,2011,M05,2011 May,9.9
Sonoma County,2011,M06,2011 Jun,10.8
Sonoma County,2011,M07,2011 Jul,10.7
Sonoma County,2011,M08,2011 Aug,10.5
Sonoma County,2011,M09,2011 Sep,10.2
Sonoma County,2011,M10,2011 Oct,10.0
Sonoma County,2011,M11,2011 Nov,9.7
Sonoma County,2011,M12,2011 Dec,9.6
Sonoma County,2012,M01,2012 Jan,10.1
Sonoma County,2012,M02,2012 Feb,10.0
Sonoma County,2012,M03,2012 Mar,10.0
Sonoma County,2012,M04,2012 Apr,9.1
Sonoma County,2012,M05,2012 May,8.8
Sonoma County,2012,M06,2012 Jun,9.4
Sonoma County,2012,M07,2012 Jul,9.4
Sonoma County,2012,M08,2012 Aug,9.0
Sonoma County,2012,M09,2012 Sep,8.1
Sonoma County,2012,M10,2012 Oct,8.1
Sonoma County,2012,M11,2012 Nov,8.0
Sonoma County,2012,M12,2012 Dec,8.1
Sonoma County,2013,M01,2013 Jan,8.6
Sonoma County,2013,M02,2013 Feb,8.1
Sonoma County,2013,M03,2013 Mar,7.8
Sonoma County,2013,M04,2013 Apr,7.1
Sonoma County,2013,M05,2013 May,6.9
Sonoma County,2013,M06,2013 Jun,7.6
Sonoma County,2013,M07,2013 Jul,7.6
Sonoma County,2013,M08,2013 Aug,7.0
Sonoma County,2013,M09,2013 Sep,6.6
Sonoma County,2013,M10,2013 Oct,6.6
Sonoma County,2013,M11,2013 Nov,6.4
Sonoma County,2013,M12,2013 Dec,6.1
Sonoma County,2014,M01,2014 Jan,6.5
Sonoma County,2014,M02,2014 Feb,6.5
Sonoma County,2014,M03,2014 Mar,6.5
Sonoma County,2014,M04,2014 Apr,5.4
Sonoma County,2014,M05,2014 May,5.4
Sonoma County,2014,M06,2014 Jun,5.7
Sonoma County,2014,M07,2014 Jul,6.0
Sonoma County,2014,M08,2014 Aug,5.7
Sonoma County,2014,M09,2014 Sep,5.2
Sonoma County,2014,M10,2014 Oct,5.1
Sonoma County,2014,M11,2014 Nov,5.2
Sonoma County,2014,M12,2014 Dec,4.9
Sonoma County,2015,M01,2015 Jan,5.3
Sonoma County,2015,M02,2015 Feb,5.0
Sonoma County,2015,M03,2015 Mar,4.9
Sonoma County,2015,M04,2015 Apr,4.4
Sonoma County,2015,M05,2015 May,4.3
Sonoma County,2015,M06,2015 Jun,4.6
Sonoma County,2015,M07,2015 Jul,4.7
Sonoma County,2015,M08,2015 Aug,4.4
Sonoma County,2015,M09,2015 Sep,4.0
Sonoma County,2015,M10,2015 Oct,4.2
Sonoma County,2015,M11,2015 Nov,4.2
Sonoma County,2015,M12,2015 Dec,4.1
Sonoma County,2016,M01,2016 Jan,4.5
Sonoma County,2016,M02,2016 Feb,4.3
Sonoma County,2016,M03,2016 Mar,4.4
Sonoma County,2016,M04,2016 Apr,3.9
Sonoma County,2016,M05,2016 May,3.5
Sonoma County,2016,M06,2016 Jun,4.1
Sonoma County,2016,M07,2016 Jul,4.3
Sonoma County,2016,M08,2016 Aug,4.0
Sonoma County,2016,M09,2016 Sep,3.8
Sonoma County,2016,M10,2016 Oct,3.8
Sonoma County,2016,M11,2016 Nov,3.7
Sonoma County,2016,M12,2016 Dec,3.7
Sonoma County,2017,M01,2017 Jan,4.2
Sonoma County,2017,M02,2017 Feb,3.9
Sonoma County,2017,M03,2017 Mar,3.6
Sonoma County,2017,M04,2017 Apr,3.3
Sonoma County,2017,M05,2017 May,3.1
Sonoma County,2017,M06,2017 Jun,3.5
Sonoma County,2017,M07,2017 Jul,3.7
Sonoma County,2017,M08,2017 Aug,3.5
Sonoma County,2017,M09,2017 Sep,3.0
Sonoma County,2017,M10,2017 Oct,3.1
Sonoma County,2017,M11,2017 Nov,3.0
Sonoma County,2017,M12,2017 Dec,2.9
Sonoma County,2018,M01,2018 Jan,3.3
Sonoma County,2018,M02,2018 Feb,3.1
Sonoma County,2018,M03,2018 Mar,3.0
Sonoma County,2018,M04,2018 Apr,2.7
Sonoma County,2018,M05,2018 May,2.4
Sonoma County,2018,M06,2018 Jun,3.0
Sonoma County,2018,M07,2018 Jul,2.9
Sonoma County,2018,M08,2018 Aug,2.8
Sonoma County,2018,M09,2018 Sep,2.5
Sonoma County,2018,M10,2018 Oct,2.6
Sonoma County,2018,M11,2018 Nov,2.6
Sonoma County,2018,M12,2018 Dec,2.8
Sonoma County,2019,M01,2019 Jan,3.4
Sonoma County,2019,M02,2019 Feb,3.0
Sonoma County,2019,M03,2019 Mar,3.1
Sonoma County,2019,M04,2019 Apr,2.5
Sonoma County,2019,M05,2019 May,2.4
Sonoma County,2019,M06,2019 Jun,2.8
Sonoma County,2019,M07,2019 Jul,3.0
Sonoma County,2019,M08,2019 Aug,2.8
Sonoma County,2019,M09,2019 Sep,2.4
Sonoma County,2019,M10,2019 Oct,2.5
Sonoma County,2019,M11,2019 Nov,2.5
Sonoma County,2019,M12,2019 Dec,2.5
Sonoma County,2020,M01,2020 Jan,3.0
Sonoma County,2020,M02,2020 Feb,2.8
Sonoma County,2020,M03,2020 Mar,4.2
Sonoma County,2020,M04,2020 Apr,15.2
Sonoma County,2020,M05,2020 May,14.1
Sonoma County,2020,M06,2020 Jun,11.6
Sonoma County,2020,M07,2020 Jul,10.4
Sonoma County,2020,M08,2020 Aug,8.5
Sonoma County,2020,M09,2020 Sep,7.8
Sonoma County,2020,M10,2020 Oct,7.0
Sonoma County,2020,M11,2020 Nov,6.8
Sonoma County,2020,M12,2020 Dec,6.8
Sonoma County,2021,M01,2021 Jan,7.6
Sonoma County,2021,M02,2021 Feb,7.0
Sonoma County,2021,M03,2021 Mar,6.7
Sonoma County,2021,M04,2021 Apr,6.2
Sonoma County,2021,M05,2021 May,5.5
Sonoma County,2021,M06,2021 Jun,6.1
Sonoma County,2021,M07,2021 Jul,5.7
Sonoma County,2021,M08,2021 Aug,5.3
Sonoma County,2021,M09,2021 Sep,4.4
Sonoma County,2021,M10,2021 Oct,4.2
Sonoma County,2021,M11,2021 Nov,3.8
Sonoma County,2021,M12,2021 Dec,3.4
Sonoma County,2022,M01,2022 Jan,4.0
Sonoma County,2022,M02,2022 Feb,3.5
Sonoma County,2022,M03,2022 Mar,3.0
Sonoma County,2022,M04,2022 Apr,2.6
Sonoma County,2022,M05,2022 May,2.3
Sonoma County,2022,M06,2022 Jun,2.7
Sonoma County,2022,M07,2022 Jul,2.6
Sonoma County,2022,M08,2022 Aug,2.8
Sonoma County,2022,M09,2022 Sep,2.6
Sonoma County,2022,M10,2022 Oct,2.6
