"incident_date","incident_datetime","analysis_neighborhood","incident_category","incident_category","resolution","police_district","incident_description","incident_number"
"2022-11-08 00:00:00","2022-11-08 00:00:00","Tenderloin","Larceny Theft","Larceny Theft","Open or Active","Tenderloin","License Plate, Stolen","220769220"
"2022-11-08 00:00:00","2022-11-08 00:01:00","Castro/Upper Market","Larceny Theft","Larceny Theft","Open or Active","Mission","Theft, From Locked Vehicle, >$950","220767729"
"2022-11-08 00:00:00","2022-11-08 00:10:00","Bayview Hunters Point","Malicious Mischief","Malicious Mischief","Open or Active","Bayview","Malicious Mischief, Breaking Windows","220767707"
"2022-11-08 00:00:00","2022-11-08 00:33:00","Mission","Motor Vehicle Theft","Motor Vehicle Theft","Open or Active","Mission","Vehicle, Recovered, Stolen outside SF","220767713"
"2022-11-08 00:00:00","2022-11-08 00:33:00","Tenderloin","Recovered Vehicle","Recovered Vehicle","Open or Active","Tenderloin","Vehicle, Recovered, Auto","220674607"
"2022-11-08 00:00:00","2022-11-08 00:38:00","Hayes Valley","Burglary","Burglary","Open or Active","Northern","Burglary, Apartment House, Forcible Entry","220768090"
"2022-11-08 00:00:00","2022-11-08 01:05:00","Bernal Heights","Suspicious Occ","Suspicious Occ","Open or Active","Ingleside","Suspicious Occurrence","220767810"
"2022-11-08 00:00:00","2022-11-08 01:30:00","Sunset/Parkside","Larceny Theft","Larceny Theft","Open or Active","Taraval","Theft, Vehicle Strip, >$950","220767763"
"2022-11-08 00:00:00","2022-11-08 01:35:00","Potrero Hill","Burglary","Burglary","Open or Active","Bayview","Burglary, Other Bldg., Unlawful Entry","220768664"
"2022-11-08 00:00:00","2022-11-08 02:13:00","Bayview Hunters Point","Suspicious Occ","Suspicious Occ","Open or Active","Ingleside","Suspicious Occurrence","220769769"
"2022-11-08 00:00:00","2022-11-08 02:15:00","Sunset/Parkside","Larceny Theft","Larceny Theft","Open or Active","Taraval","Theft, Vehicle Strip, >$950","220767785"
"2022-11-08 00:00:00","2022-11-08 02:15:00","Haight Ashbury","Burglary","Burglary","Open or Active","Park","Burglary, Apartment House, Att. Forcible Entry","220767832"
"2022-11-08 00:00:00","2022-11-08 02:37:00","Marina","Malicious Mischief","Malicious Mischief","Open or Active","Northern","Malicious Mischief, Breaking Windows","220767826"
"2022-11-08 00:00:00","2022-11-08 02:37:00","Marina","Burglary","Burglary","Open or Active","Northern","Burglary, Store, Forcible Entry","220767826"
"2022-11-08 00:00:00","2022-11-08 02:48:00","Inner Sunset","Burglary","Burglary","Open or Active","Taraval","Burglary, Residence, Att. Forcible Entry","220767967"
"2022-11-08 00:00:00","2022-11-08 03:14:00","South of Market","Arson","Arson","Open or Active","Southern","Arson","220767854"
"2022-11-08 00:00:00","2022-11-08 03:23:00","South of Market","Non-Criminal","Non-Criminal","Open or Active","Southern","Aided Case, Injured or Sick Person","220767860"
"2022-11-08 00:00:00","2022-11-08 04:30:00","Inner Richmond","Larceny Theft","Larceny Theft","Open or Active","Richmond","Theft, From Locked Vehicle, >$950","226210576"
"2022-11-08 00:00:00","2022-11-08 04:48:00","Outer Mission","Offences Against The Family And Children","Offences Against The Family And Children","Open or Active","Ingleside","Domestic Violence (secondary only)","220767898"
"2022-11-08 00:00:00","2022-11-08 04:48:00","Outer Mission","Other Miscellaneous","Other Miscellaneous","Open or Active","Ingleside","Investigative Detention","220767898"
"2022-11-08 00:00:00","2022-11-08 05:20:00","North Beach","Burglary","Burglary","Open or Active","Central","Burglary, Non-residential, Unlawful Entry","220768175"
"2022-11-08 00:00:00","2022-11-08 05:30:00","Financial District/South Beach","Other Miscellaneous","Other Miscellaneous","Open or Active","Central","Bomb Threat or False Report of Bomb","220768329"
"2022-11-08 00:00:00","2022-11-08 05:40:00","Financial District/South Beach","Robbery","Robbery","Open or Active","Southern","Robbery, W/ Force","220767901"
"2022-11-08 00:00:00","2022-11-08 06:00:00","Western Addition","Motor Vehicle Theft","Motor Vehicle Theft","Open or Active","Northern","Vehicle, Stolen, Auto","220769214"
"2022-11-08 00:00:00","2022-11-08 06:27:00","Financial District/South Beach","Motor Vehicle Theft","Motor Vehicle Theft","Open or Active","Southern","Vehicle, Stolen, Auto","220768761"
"2022-11-08 00:00:00","2022-11-08 06:47:00","North Beach","Missing Person","Missing Person","Open or Active","Central","Missing Adult","220768454"
"2022-11-08 00:00:00","2022-11-08 07:00:00","Bernal Heights","Miscellaneous Investigation","Miscellaneous Investigation","Open or Active","Ingleside","Miscellaneous Investigation","220767995"
"2022-11-08 00:00:00","2022-11-08 07:18:00","Chinatown","Assault","Assault","Open or Active","Central","Assault, Aggravated, W/ Other Weapon","220767973"
"2022-11-08 00:00:00","2022-11-08 07:40:00","Outer Mission","Assault","Assault","Open or Active","Ingleside","Assault, Aggravated, W/ Other Weapon","220767898"
"2022-11-08 00:00:00","2022-11-08 08:00:00","Castro/Upper Market","Burglary","Burglary","Open or Active","Park","Burglary, Other Bldg., Forcible Entry","220770318"
"2022-11-08 00:00:00","2022-11-08 08:00:00","Sunset/Parkside","Assault","Assault","Open or Active","Taraval","Battery, former Spouse or Dating Relationship","220766016"
"2022-11-08 00:00:00","2022-11-08 08:00:00","Mission Bay","Assault","Assault","Open or Active","Southern","Shooting into Inhabited Dwelling or Occupied Vehicle","220770675"
"2022-11-08 00:00:00","2022-11-08 08:00:00","South of Market","Larceny Theft","Larceny Theft","Open or Active","Southern","Theft, Shoplifting, $200-$950","220768197"
"2022-11-08 00:00:00","2022-11-08 08:15:00","Bayview Hunters Point","Malicious Mischief","Malicious Mischief","Open or Active","Bayview","Malicious Mischief, Breaking Windows","220768034"
"2022-11-08 00:00:00","2022-11-08 08:20:00","Mission","Recovered Vehicle","Recovered Vehicle","Open or Active","Mission","Vehicle, Recovered, Motorcycle","220762901"
"2022-11-08 00:00:00","2022-11-08 08:55:00","Bayview Hunters Point","Robbery","Robbery","Open or Active","Bayview","Shoplifting, Force against Agent","220768153"
"2022-11-08 00:00:00","2022-11-08 09:00:00","Excelsior","Motor Vehicle Theft","Motor Vehicle Theft","Open or Active","Ingleside","Vehicle, Stolen, Auto","220770932"
"2022-11-08 00:00:00","2022-11-08 09:00:00","Mission","Larceny Theft","Larceny Theft","Open or Active","Southern","License Plate, Stolen","220768244"
"2022-11-08 00:00:00","2022-11-08 09:10:00","Golden Gate Park","Larceny Theft","Larceny Theft","Open or Active","Richmond","Theft, From Locked Vehicle, $200-$950","220768404"
"2022-11-08 00:00:00","2022-11-08 09:27:00","Excelsior","Weapons Carrying Etc","Weapons Carrying Etc","Cite or Arrest Adult","Ingleside","Firearm, Possession By Prohibited Person","220768125"
"2022-11-08 00:00:00","2022-11-08 09:27:00","Excelsior","Assault","Assault","Cite or Arrest Adult","Ingleside","Firearm, Discharging At An Inhabited Dwelling","220768125"
"2022-11-08 00:00:00","2022-11-08 09:27:00","Excelsior","Assault","Assault","Cite or Arrest Adult","Ingleside","Assault, Aggravated, W/ Gun","220768125"
"2022-11-08 00:00:00","2022-11-08 09:30:00","Western Addition","Other Offenses","Other Offenses","Open or Active","Northern","License Plate, Recovered","220768830"
"2022-11-08 00:00:00","2022-11-08 09:50:00","Mission","Recovered Vehicle","Recovered Vehicle","Cite or Arrest Adult","Mission","Vehicle, Recovered, Auto","220768103"
"2022-11-08 00:00:00","2022-11-08 10:00:00","Inner Sunset","Larceny Theft","Larceny Theft","Open or Active","Richmond","Theft, From Locked Vehicle, >$950","226210598"
"2022-11-08 00:00:00","2022-11-08 10:00:00","Potrero Hill","Assault","Assault","Open or Active","Bayview","Battery","220768169"
"2022-11-08 00:00:00","2022-11-08 10:11:00","Mission","Fire Report","Fire Report","Open or Active","Mission","Fire Report","220768131"
"2022-11-08 00:00:00","2022-11-08 10:15:00","Tenderloin","Other","Other","Open or Active","Tenderloin","Death Report, Cause Unknown","220768200"
"2022-11-08 00:00:00","2022-11-08 10:30:00","Chinatown","Lost Property","Lost Property","Open or Active","Central","Lost Property","220771861"
"2022-11-08 00:00:00","2022-11-08 10:35:00","Mission","Assault","Assault","Cite or Arrest Adult","Mission","Battery","220768181"
"2022-11-08 00:00:00","2022-11-08 10:37:00","Nob Hill","Fraud","Fraud","Open or Active","Central","Access Card Information, Theft of","220769935"
"2022-11-08 00:00:00","2022-11-08 10:40:00","Chinatown","Larceny Theft","Larceny Theft","Cite or Arrest Adult","Central","Theft, Shoplifting, $50-$200","220768272"
"2022-11-08 00:00:00","2022-11-08 10:50:00","Western Addition","Non-Criminal","Non-Criminal","Open or Active","Northern","Mental Health Detention","220768391"
"2022-11-08 00:00:00","2022-11-08 10:53:00","Sunset/Parkside","Fraud","Fraud","Open or Active","Taraval","False Personation to Receive Money or Property","220769004"
"2022-11-08 00:00:00","2022-11-08 10:53:00","Sunset/Parkside","Other Miscellaneous","Other Miscellaneous","Open or Active","Taraval","Impersonating A Police Officer","220769004"
"2022-11-08 00:00:00","2022-11-08 10:54:00","Portola","Recovered Vehicle","Recovered Vehicle","Open or Active","Bayview","Vehicle, Recovered, Auto","220745082"
"2022-11-08 00:00:00","2022-11-08 11:00:00","Sunset/Parkside","Burglary","Burglary","Cite or Arrest Adult","Taraval","Burglary, Flat, Unlawful Entry","220634576"
"2022-11-08 00:00:00","2022-11-08 11:00:00","Sunset/Parkside","Stolen Property","Stolen Property","Cite or Arrest Adult","Taraval","Stolen Property, Possession with Knowledge, Receiving","220634576"
"2022-11-08 00:00:00","2022-11-08 11:00:00","North Beach","Larceny Theft","Larceny Theft","Open or Active","Central","Theft, From Locked Vehicle, >$950","220768636"
"2022-11-08 00:00:00","2022-11-08 11:00:00","Financial District/South Beach","Disorderly Conduct","Disorderly Conduct","Open or Active","Central","Terrorist Threats","220768711"
"2022-11-08 00:00:00","2022-11-08 11:13:00","Mission","Malicious Mischief","Malicious Mischief","Cite or Arrest Adult","Mission","Malicious Mischief, Vandalism to Property","220768288"
"2022-11-08 00:00:00","2022-11-08 11:13:00","Mission","Warrant","Warrant","Cite or Arrest Adult","Mission","Warrant Arrest, Local SF Warrant","220768288"
"2022-11-08 00:00:00","2022-11-08 11:13:00","Mission","Other Miscellaneous","Other Miscellaneous","Cite or Arrest Adult","Mission","Resisting, Delaying, or Obstructing  Peace Officer Duties","220768288"
"2022-11-08 00:00:00","2022-11-08 11:17:00","Tenderloin","Drug Offense","Drug Offense","Cite or Arrest Adult","Central","Narcotics Paraphernalia, Possession of","220768266"
"2022-11-08 00:00:00","2022-11-08 11:17:00","Tenderloin","Robbery","Robbery","Cite or Arrest Adult","Central","Shoplifting, Force against Agent","220768266"
"2022-11-08 00:00:00","2022-11-08 11:20:00","Tenderloin","Other Miscellaneous","Other Miscellaneous","Cite or Arrest Adult","Tenderloin","Investigative Detention","220768294"
"2022-11-08 00:00:00","2022-11-08 11:20:00","Tenderloin","Disorderly Conduct","Disorderly Conduct","Cite or Arrest Adult","Tenderloin","Disturbing The Peace, Fighting","220768294"
"2022-11-08 00:00:00","2022-11-08 11:30:00","Potrero Hill","Motor Vehicle Theft","Motor Vehicle Theft","Open or Active","Bayview","Vehicle, Stolen, Auto","220769888"
"2022-11-08 00:00:00","2022-11-08 11:30:00","Mission","Recovered Vehicle","Recovered Vehicle","Open or Active","Mission","Vehicle, Recovered, Motorcycle","220760472"
"2022-11-08 00:00:00","2022-11-08 11:30:00","Russian Hill","Larceny Theft","Larceny Theft","Open or Active","Central","Theft, From Locked Vehicle, >$950","220768523"
"2022-11-08 00:00:00","2022-11-08 11:42:00","Financial District/South Beach","Larceny Theft","Larceny Theft","Open or Active","Central","Theft, Shoplifting, $200-$950","220771805"
"2022-11-08 00:00:00","2022-11-08 11:45:00","Golden Gate Park","Larceny Theft","Larceny Theft","Open or Active","Richmond","Theft, From Locked Vehicle, <$50","220768818"
"2022-11-08 00:00:00","2022-11-08 11:57:00","Hayes Valley","Recovered Vehicle","Recovered Vehicle","Open or Active","Northern","Vehicle, Recovered, Auto","220736514"
"2022-11-08 00:00:00","2022-11-08 12:00:00","Bayview Hunters Point","Larceny Theft","Larceny Theft","Open or Active","Central","Theft, From Locked Vehicle, >$950","220768874"
"2022-11-08 00:00:00","2022-11-08 12:00:00","Mission","Larceny Theft","Larceny Theft","Open or Active","Mission","Theft, From Locked Vehicle, >$950","220768802"
"2022-11-08 00:00:00","2022-11-08 12:00:00","Lincoln Park","Larceny Theft","Larceny Theft","Open or Active","Richmond","Theft, From Locked Vehicle, >$950","220768482"
"2022-11-08 00:00:00","2022-11-08 12:15:00","Outer Richmond","Larceny Theft","Larceny Theft","Cite or Arrest Adult","Richmond","Theft, From Locked Vehicle, >$950","220768692"
"2022-11-08 00:00:00","2022-11-08 12:20:00","Mission","Non-Criminal","Non-Criminal","Open or Active","Mission","Found  Property","220767387"
"2022-11-08 00:00:00","2022-11-08 12:22:00","Bayview Hunters Point","Miscellaneous Investigation","Miscellaneous Investigation","Open or Active","Bayview","Miscellaneous Investigation","220768379"
"2022-11-08 00:00:00","2022-11-08 12:30:00","North Beach","Motor Vehicle Theft","Motor Vehicle Theft","Open or Active","Central","Vehicle, Stolen, Other Vehicle","220770603"
"2022-11-08 00:00:00","2022-11-08 12:30:00","West of Twin Peaks","Assault","Assault","Open or Active","Taraval","Battery","220769151"
"2022-11-08 00:00:00","2022-11-08 12:30:00","West of Twin Peaks","Disorderly Conduct","Disorderly Conduct","Open or Active","Taraval","Incident On School Grounds","220769151"
"2022-11-08 00:00:00","2022-11-08 12:43:00","Nob Hill","Other","Other","Open or Active","Central","Death Report, Cause Unknown","220768551"
"2022-11-08 00:00:00","2022-11-08 12:45:00","Bernal Heights","Larceny Theft","Larceny Theft","Open or Active","Ingleside","Theft, From Locked Vehicle, >$950","220769684"
"2022-11-08 00:00:00","2022-11-08 12:45:00","Bayview Hunters Point","Recovered Vehicle","Recovered Vehicle","Open or Active","Bayview","Vehicle, Recovered, Truck","220767246"
"2022-11-08 00:00:00","2022-11-08 12:55:00","Excelsior","Robbery","Robbery","Cite or Arrest Adult","Ingleside","Robbery, Att., Service Station, W/ Gun","220768567"
"2022-11-08 00:00:00","2022-11-08 12:55:00","Excelsior","Robbery","Robbery","Cite or Arrest Adult","Ingleside","Robbery, Att., Service Station, W/ Gun","220768567"
"2022-11-08 00:00:00","2022-11-08 12:55:00","Excelsior","Weapons Carrying Etc","Weapons Carrying Etc","Cite or Arrest Adult","Ingleside","Firearm, Possession By Prohibited Person","220768567"
"2022-11-08 00:00:00","2022-11-08 12:55:00","Excelsior","Weapons Offense","Weapons Offense","Cite or Arrest Adult","Ingleside","Weapon, Carrying Concealed","220768567"
"2022-11-08 00:00:00","2022-11-08 12:57:00","Mission","Drug Offense","Drug Offense","Cite or Arrest Adult","Mission","Narcotics Paraphernalia, Possession of","220727717"
"2022-11-08 00:00:00","2022-11-08 12:57:00","Mission","Stolen Property","Stolen Property","Cite or Arrest Adult","Mission","Stolen Property, Possession with Knowledge, Receiving","220768727"
"2022-11-08 00:00:00","2022-11-08 12:57:00","Mission","Other Miscellaneous","Other Miscellaneous","Cite or Arrest Adult","Mission","Burglary Tools, Possession Of","220768727"
"2022-11-08 00:00:00","2022-11-08 12:57:00","Mission","Other Miscellaneous","Other Miscellaneous","Cite or Arrest Adult","Mission","Burglary Tools, Possession Of","220727717"
"2022-11-08 00:00:00","2022-11-08 12:57:00","Mission","Burglary","Burglary","Cite or Arrest Adult","Mission","Burglary, Residence, Forcible Entry","220768727"
"2022-11-08 00:00:00","2022-11-08 12:57:00","Mission","Recovered Vehicle","Recovered Vehicle","Cite or Arrest Adult","Mission","Vehicle, Recovered, Auto","220727717"
"2022-11-08 00:00:00","2022-11-08 12:58:00","Tenderloin","Non-Criminal","Non-Criminal","Cite or Arrest Adult","Tenderloin","Stay Away or Court Order, Non-DV Related","220768448"
"2022-11-08 00:00:00","2022-11-08 13:00:00","Japantown","Larceny Theft","Larceny Theft","Open or Active","Northern","Theft, From Locked Vehicle, >$950","220768993"
"2022-11-08 00:00:00","2022-11-08 13:18:00","Mission","Larceny Theft","Larceny Theft","Open or Active","Mission","License Plate, Stolen","220768921"
"2022-11-08 00:00:00","2022-11-08 13:20:00","Golden Gate Park","Larceny Theft","Larceny Theft","Open or Active","Richmond","Theft, From Locked Vehicle, >$950","220769474"
"2022-11-08 00:00:00","2022-11-08 13:21:00","Portola","Recovered Vehicle","Recovered Vehicle","Open or Active","Bayview","Vehicle, Recovered, Auto","220766458"
"2022-11-08 00:00:00","2022-11-08 13:32:00","Mission","Recovered Vehicle","Recovered Vehicle","Cite or Arrest Adult","Mission","Vehicle, Recovered, Truck","220768727"
"2022-11-08 00:00:00","2022-11-08 13:34:00","Tenderloin","Other Miscellaneous","Other Miscellaneous","Open or Active","Tenderloin","Investigative Detention","220768573"
"2022-11-08 00:00:00","2022-11-08 13:34:00","Tenderloin","Disorderly Conduct","Disorderly Conduct","Open or Active","Tenderloin","Alcohol, Under Influence Of In Public Place","220768573"
"2022-11-08 00:00:00","2022-11-08 13:34:00","Tenderloin","Other Miscellaneous","Other Miscellaneous","Open or Active","Tenderloin","Resisting, Delaying, or Obstructing  Peace Officer Duties","220768573"
"2022-11-08 00:00:00","2022-11-08 13:36:00","Pacific Heights","Larceny Theft","Larceny Theft","Open or Active","Northern","Theft, From Locked Vehicle, $200-$950","220768608"
"2022-11-08 00:00:00","2022-11-08 13:41:00","Tenderloin","Non-Criminal","Non-Criminal","Open or Active","Northern","Mental Health Detention","220768777"
"2022-11-08 00:00:00","2022-11-08 13:44:00","South of Market","Drug Offense","Drug Offense","Cite or Arrest Adult","Southern","Narcotics Paraphernalia, Possession of","220768595"
"2022-11-08 00:00:00","2022-11-08 13:44:00","South of Market","Drug Offense","Drug Offense","Cite or Arrest Adult","Southern","Loitering Where Narcotics are Sold/Used","220768595"
"2022-11-08 00:00:00","2022-11-08 13:45:00","Japantown","Larceny Theft","Larceny Theft","Open or Active","Northern","Theft, From Locked Vehicle, >$950","220768937"
"2022-11-08 00:00:00","2022-11-08 13:50:00","Tenderloin","Missing Person","Missing Person","Open or Active","Tenderloin","Found Person","220768642"
"2022-11-08 00:00:00","2022-11-08 13:56:00","South of Market","Motor Vehicle Theft","Motor Vehicle Theft","Open or Active","Southern","Vehicle, Recovered, Stolen outside SF","220768658"
"2022-11-08 00:00:00","2022-11-08 14:00:00","North Beach","Larceny Theft","Larceny Theft","Open or Active","Central","Theft, From Locked Vehicle, >$950","220769076"
"2022-11-08 00:00:00","2022-11-08 14:00:00","Tenderloin","Non-Criminal","Non-Criminal","Open or Active","Tenderloin","Aided Case","220768909"
"2022-11-08 00:00:00","2022-11-08 14:00:00","Tenderloin","Disorderly Conduct","Disorderly Conduct","Open or Active","Tenderloin","Terrorist Threats","220768909"
"2022-11-08 00:00:00","2022-11-08 14:00:00","North Beach","Larceny Theft","Larceny Theft","Open or Active","Central","Theft, From Locked Vehicle, $200-$950","220769173"
"2022-11-08 00:00:00","2022-11-08 14:01:00","Tenderloin","Recovered Vehicle","Recovered Vehicle","Open or Active","Tenderloin","Vehicle, Recovered, Auto","220767337"
"2022-11-08 00:00:00","2022-11-08 14:07:00","Nob Hill","Miscellaneous Investigation","Miscellaneous Investigation","Open or Active","Central","Miscellaneous Investigation","220769822"
"2022-11-08 00:00:00","2022-11-08 14:10:00","Western Addition","Recovered Vehicle","Recovered Vehicle","Open or Active","Northern","Vehicle, Recovered, Auto","220764593"
"2022-11-08 00:00:00","2022-11-08 14:15:00","Oceanview/Merced/Ingleside","Larceny Theft","Larceny Theft","Open or Active","Taraval","Theft, From Locked Vehicle, >$950","220768868"
"2022-11-08 00:00:00","2022-11-08 14:18:00","Financial District/South Beach","Recovered Vehicle","Recovered Vehicle","Cite or Arrest Adult","Mission","Vehicle, Recovered, Auto","220727717"
"2022-11-08 00:00:00","2022-11-08 14:22:00","Nob Hill","Missing Person","Missing Person","Open or Active","Central","Found Person","220768783"
"2022-11-08 00:00:00","2022-11-08 14:28:00","Russian Hill","Larceny Theft","Larceny Theft","Open or Active","Central","Theft, From Locked Vehicle, >$950","220768971"
"2022-11-08 00:00:00","2022-11-08 14:30:00","South of Market","Arson","Arson","Cite or Arrest Adult","Southern","Arson, Inhabited Dwelling","220768880"
"2022-11-08 00:00:00","2022-11-08 14:50:00","Castro/Upper Market","Burglary","Burglary","Open or Active","Mission","Burglary, Other Bldg., Forcible Entry","220770205"
"2022-11-08 00:00:00","2022-11-08 14:57:00","Tenderloin","Disorderly Conduct","Disorderly Conduct","Open or Active","Tenderloin","Terrorist Threats","220768846"
"2022-11-08 00:00:00","2022-11-08 15:00:00","Outer Mission","Larceny Theft","Larceny Theft","Open or Active","Ingleside","Theft, Shoplifting, $50-$200","220769399"
"2022-11-08 00:00:00","2022-11-08 15:00:00","Bernal Heights","Larceny Theft","Larceny Theft","Open or Active","Ingleside","License Plate, Stolen","220769606"
"2022-11-08 00:00:00","2022-11-08 15:00:00","Tenderloin","Other Miscellaneous","Other Miscellaneous","Open or Active","Tenderloin","Investigative Detention","220768943"
"2022-11-08 00:00:00","2022-11-08 15:00:00","Mission Bay","Non-Criminal","Non-Criminal","Open or Active","Southern","Found  Property","220770744"
"2022-11-08 00:00:00","2022-11-08 15:15:00","Tenderloin","Suspicious Occ","Suspicious Occ","Open or Active","Tenderloin","Suspicious Occurrence","220768852"
"2022-11-08 00:00:00","2022-11-08 15:30:00","Outer Mission","Burglary","Burglary","Open or Active","Ingleside","Burglary, Non-residential, Forcible Entry","220770324"
"2022-11-08 00:00:00","2022-11-08 15:30:00","Outer Mission","Burglary","Burglary","Open or Active","Ingleside","Burglary, Safe, Other","220770324"
"2022-11-08 00:00:00","2022-11-08 15:45:00","Sunset/Parkside","Non-Criminal","Non-Criminal","Open or Active","Taraval","Found  Property","220769424"
"2022-11-08 00:00:00","2022-11-08 15:47:00","Tenderloin","Drug Offense","Drug Offense","Cite or Arrest Adult","Tenderloin","Methamphetamine, Possession For Sale","220768959"
"2022-11-08 00:00:00","2022-11-08 15:47:00","Tenderloin","Drug Offense","Drug Offense","Cite or Arrest Adult","Tenderloin","Controlled Substance, Possession For Sale","220768959"
"2022-11-08 00:00:00","2022-11-08 15:47:00","Tenderloin","Drug Offense","Drug Offense","Cite or Arrest Adult","Tenderloin","Controlled Substance, Sale","220768959"
"2022-11-08 00:00:00","2022-11-08 16:00:00","Inner Richmond","Motor Vehicle Theft","Motor Vehicle Theft","Open or Active","Richmond","Vehicle, Stolen, Auto","220770277"
"2022-11-08 00:00:00","2022-11-08 16:00:00","Excelsior","Other Miscellaneous","Other Miscellaneous","Open or Active","Ingleside","Extortion, Attempted","220769264"
"2022-11-08 00:00:00","2022-11-08 16:00:00","Excelsior","Fraud","Fraud","Open or Active","Ingleside","Fraudulent Game or Trick, Obtaining Money or Property","220769264"
"2022-11-08 00:00:00","2022-11-08 16:13:00","Tenderloin","Drug Offense","Drug Offense","Cite or Arrest Adult","Tenderloin","Cocaine, Base/rock, Possession For Sale","220769026"
"2022-11-08 00:00:00","2022-11-08 16:13:00","Tenderloin","Drug Offense","Drug Offense","Cite or Arrest Adult","Tenderloin","Cocaine, Base/rock, Sale","220769026"
"2022-11-08 00:00:00","2022-11-08 16:13:00","Tenderloin","Drug Offense","Drug Offense","Cite or Arrest Adult","Tenderloin","Opiates, Possession For Sale","220769026"
"2022-11-08 00:00:00","2022-11-08 16:15:00","Tenderloin","Robbery","Robbery","Open or Active","Tenderloin","Robbery, Street or Public Place, W/ Force","220769145"
"2022-11-08 00:00:00","2022-11-08 16:30:00","Russian Hill","Assault","Assault","Open or Active","Northern","Battery with Serious Injuries","220769305"
"2022-11-08 00:00:00","2022-11-08 16:38:00","Golden Gate Park","Drug Offense","Drug Offense","Cite or Arrest Adult","Richmond","Narcotics Paraphernalia, Possession of","220769242"
"2022-11-08 00:00:00","2022-11-08 16:38:00","Golden Gate Park","Warrant","Warrant","Cite or Arrest Adult","Richmond","Warrant Arrest, Local SF Warrant","220769242"
"2022-11-08 00:00:00","2022-11-08 16:38:00","Golden Gate Park","Offences Against The Family And Children","Offences Against The Family And Children","Cite or Arrest Adult","Richmond","Violation of Restraining Order","220769242"
"2022-11-08 00:00:00","2022-11-08 16:49:00","Tenderloin","Drug Offense","Drug Offense","Cite or Arrest Adult","Tenderloin","Cocaine, Base/rock, Sale","220769195"
"2022-11-08 00:00:00","2022-11-08 16:49:00","Tenderloin","Drug Offense","Drug Offense","Cite or Arrest Adult","Tenderloin","Controlled Substance, Possession For Sale","220769195"
"2022-11-08 00:00:00","2022-11-08 16:51:00","North Beach","Non-Criminal","Non-Criminal","Open or Active","Central","Found  Property","220769208"
"2022-11-08 00:00:00","2022-11-08 16:57:00","Marina","Other Miscellaneous","Other Miscellaneous","Cite or Arrest Adult","Northern","Burglary Tools, Possession Of","220769292"
"2022-11-08 00:00:00","2022-11-08 16:57:00","Marina","Malicious Mischief","Malicious Mischief","Cite or Arrest Adult","Northern","Malicious Mischief, Vandalism to Vehicle","220769292"
"2022-11-08 00:00:00","2022-11-08 16:57:00","Marina","Malicious Mischief","Malicious Mischief","Cite or Arrest Adult","Northern","Malicious Mischief, Vandalism to Vehicle","220769292"
"2022-11-08 00:00:00","2022-11-08 16:57:00","Marina","Other Miscellaneous","Other Miscellaneous","Cite or Arrest Adult","Northern","Burglary Tools, Possession Of","220769292"
"2022-11-08 00:00:00","2022-11-08 16:57:00","Marina","Other Miscellaneous","Other Miscellaneous","Cite or Arrest Adult","Northern","Probation Violation","220769292"
"2022-11-08 00:00:00","2022-11-08 17:00:00","Golden Gate Park","Larceny Theft","Larceny Theft","Open or Active","Northern","License Plate, Stolen","220771087"
"2022-11-08 00:00:00","2022-11-08 17:00:00","Russian Hill","Larceny Theft","Larceny Theft","Open or Active","Central","Theft, From Locked Vehicle, >$950","220769628"
"2022-11-08 00:00:00","2022-11-08 17:14:00","Presidio Heights","Suspicious Occ","Suspicious Occ","Open or Active","Richmond","Suspicious Occurrence","220769565"
"2022-11-08 00:00:00","2022-11-08 17:24:00","Excelsior","Other Miscellaneous","Other Miscellaneous","Open or Active","Ingleside","Conspiracy","220769355"
"2022-11-08 00:00:00","2022-11-08 17:24:00","Excelsior","Larceny Theft","Larceny Theft","Open or Active","Ingleside","Theft, From Person, $200-$950 (other than Pickpocket)","220769355"
"2022-11-08 00:00:00","2022-11-08 17:30:00","Castro/Upper Market","Larceny Theft","Larceny Theft","Open or Active","Park","Theft, Vehicle Strip, $200-$950","220771833"
"2022-11-08 00:00:00","2022-11-08 17:35:00","Sunset/Parkside","Larceny Theft","Larceny Theft","Open or Active","Taraval","Theft, From Locked Vehicle, <$50","220769509"
"2022-11-08 00:00:00","2022-11-08 17:35:00","Lone Mountain/USF","Missing Person","Missing Person","Open or Active","Richmond","Found Person","220768454"
"2022-11-08 00:00:00","2022-11-08 17:50:00","Pacific Heights","Larceny Theft","Larceny Theft","Open or Active","Northern","Theft, From Locked Vehicle, <$50","220769587"
"2022-11-08 00:00:00","2022-11-08 17:55:00","South of Market","Motor Vehicle Theft","Motor Vehicle Theft","Open or Active","Southern","Vehicle, Stolen, Other Vehicle","220772013"
"2022-11-08 00:00:00","2022-11-08 18:00:00","South of Market","Larceny Theft","Larceny Theft","Open or Active","Southern","Theft, Pickpocket, >$950","220769452"
"2022-11-08 00:00:00","2022-11-08 18:00:00","Hayes Valley","Motor Vehicle Theft","Motor Vehicle Theft","Open or Active","Northern","Vehicle, Stolen, Auto","220769838"
"2022-11-08 00:00:00","2022-11-08 18:00:00","Russian Hill","Larceny Theft","Larceny Theft","Open or Active","Central","Theft, From Locked Vehicle, >$950","220769662"
"2022-11-08 00:00:00","2022-11-08 18:00:00","Excelsior","Assault","Assault","Open or Active","Ingleside","Battery","220769537"
"2022-11-08 00:00:00","2022-11-08 18:12:00","Financial District/South Beach","Larceny Theft","Larceny Theft","Open or Active","Tenderloin","Theft, Shoplifting, $200-$950","220769468"
"2022-11-08 00:00:00","2022-11-08 18:24:00","Nob Hill","Traffic Collision","Traffic Collision","Open or Active","Central","Traffic Collision, Hit & Run, Injury","220769496"
"2022-11-08 00:00:00","2022-11-08 18:30:00","Western Addition","Motor Vehicle Theft","Motor Vehicle Theft","Open or Active","Northern","Vehicle, Stolen, Auto","220770261"
"2022-11-08 00:00:00","2022-11-08 18:37:00","Financial District/South Beach","Non-Criminal","Non-Criminal","Unfounded","Central","Aided case, Naloxone Deployment","220769521"
"2022-11-08 00:00:00","2022-11-08 19:00:00","Inner Richmond","Malicious Mischief","Malicious Mischief","Open or Active","Richmond","Malicious Mischief, Vandalism to Property","220771134"
"2022-11-08 00:00:00","2022-11-08 19:00:00","Inner Richmond","Burglary","Burglary","Open or Active","Richmond","Burglary, Residence, Att. Forcible Entry","220771134"
"2022-11-08 00:00:00","2022-11-08 19:20:00","Hayes Valley","Burglary","Burglary","Open or Active","Northern","Burglary, Non-residential, Unlawful Entry","220770697"
"2022-11-08 00:00:00","2022-11-08 19:20:00","South of Market","Burglary","Burglary","Open or Active","Southern","Burglary, Non-residential, Forcible Entry","220769781"
"2022-11-08 00:00:00","2022-11-08 19:24:00","Oceanview/Merced/Ingleside","Recovered Vehicle","Recovered Vehicle","Open or Active","Taraval","Vehicle, Recovered, Auto","220769678"
"2022-11-08 00:00:00","2022-11-08 19:24:00","Oceanview/Merced/Ingleside","Traffic Collision","Traffic Collision","Open or Active","Taraval","Traffic Collision","220769678"
"2022-11-08 00:00:00","2022-11-08 19:29:00","Tenderloin","Assault","Assault","Open or Active","Tenderloin","Battery","220769612"
"2022-11-08 00:00:00","2022-11-08 19:32:00","Mission","Non-Criminal","Non-Criminal","Open or Active","Mission","Mental Health Detention","220769634"
"2022-11-08 00:00:00","2022-11-08 19:35:00","Hayes Valley","Other Miscellaneous","Other Miscellaneous","Open or Active","Northern","Investigative Detention","220769719"
"2022-11-08 00:00:00","2022-11-08 20:00:00","Mission","Motor Vehicle Theft","Motor Vehicle Theft","Open or Active","Mission","Vehicle, Stolen, Auto","220770211"
"2022-11-08 00:00:00","2022-11-08 20:00:00","Excelsior","Motor Vehicle Theft","Motor Vehicle Theft","Open or Active","Ingleside","Vehicle, Stolen, Truck","220772411"
"2022-11-08 00:00:00","2022-11-08 20:00:00","Visitacion Valley","Larceny Theft","Larceny Theft","Open or Active","Ingleside","Theft, From Locked Vehicle, >$950","220770669"
"2022-11-08 00:00:00","2022-11-08 20:00:00","Visitacion Valley","Motor Vehicle Theft","Motor Vehicle Theft","Open or Active","Ingleside","Vehicle, Stolen, Attempted","220770669"
"2022-11-08 00:00:00","2022-11-08 20:33:00","Bayview Hunters Point","Motor Vehicle Theft","Motor Vehicle Theft","Open or Active","Bayview","Vehicle, Stolen, Auto","220769775"
"2022-11-08 00:00:00","2022-11-08 21:00:00","Lakeshore","Motor Vehicle Theft","Motor Vehicle Theft","Open or Active","Taraval","Vehicle, Stolen, Auto","220772132"
"2022-11-08 00:00:00","2022-11-08 21:43:00","Pacific Heights","Motor Vehicle Theft","Motor Vehicle Theft","Open or Active","Northern","Vehicle, Stolen, Auto","220769800"
"2022-11-08 00:00:00","2022-11-08 22:17:00","Tenderloin","Larceny Theft","Larceny Theft","Open or Active","Tenderloin","Theft, From Person, $50-$200 (other than Pickpocket)","220769844"
"2022-11-08 00:00:00","2022-11-08 22:30:00","Financial District/South Beach","Motor Vehicle Theft","Motor Vehicle Theft","Open or Active","Southern","Vehicle, Stolen, Truck","220770415"
"2022-11-08 00:00:00","2022-11-08 22:30:00","Pacific Heights","Malicious Mischief","Malicious Mischief","Open or Active","Northern","Malicious Mischief, Vandalism to Vehicle","220772007"
"2022-11-08 00:00:00","2022-11-08 22:51:00","Nob Hill","Recovered Vehicle","Recovered Vehicle","Open or Active","Central","Vehicle, Recovered, Truck","220764957"
"2022-11-08 00:00:00","2022-11-08 23:08:00","South of Market","Other Miscellaneous","Other Miscellaneous","Open or Active","Southern","Investigative Detention","220769894"
"2022-11-08 00:00:00","2022-11-08 23:31:00","Excelsior","Recovered Vehicle","Recovered Vehicle","Open or Active","Ingleside","Vehicle, Recovered, Auto","220769888"
"2022-11-08 00:00:00","2022-11-08 23:35:00","Potrero Hill","Suspicious Occ","Suspicious Occ","Open or Active","Bayview","Suspicious Occurrence","220769907"
"2022-11-08 00:00:00","2022-11-08 23:45:00","Potrero Hill","Motor Vehicle Theft","Motor Vehicle Theft","Open or Active","Bayview","Vehicle, Stolen, Auto","220770374"
"2022-11-09 00:00:00","2022-11-09 00:00:00","Tenderloin","Warrant","Warrant","Cite or Arrest Adult","Tenderloin","Warrant Arrest, Local SF Warrant","220771297"
"2022-11-09 00:00:00","2022-11-09 00:00:00","South of Market","","","Open or Active","Southern","Theft, Animal, Att.","220771190"
"2022-11-09 00:00:00","2022-11-09 00:00:00","Bernal Heights","Burglary","Burglary","Cite or Arrest Adult","Ingleside","Burglary, Non-residential, Forcible Entry","220682569"
"2022-11-09 00:00:00","2022-11-09 00:00:00","Tenderloin","Weapons Carrying Etc","Weapons Carrying Etc","Cite or Arrest Adult","Tenderloin","Firearm, Possession By Prohibited Person","220771297"
"2022-11-09 00:00:00","2022-11-09 00:00:00","Tenderloin","Weapons Carrying Etc","Weapons Carrying Etc","Cite or Arrest Adult","Tenderloin","Firearm, Possession of Loaded","220771297"
"2022-11-09 00:00:00","2022-11-09 00:00:00","Bernal Heights","Malicious Mischief","Malicious Mischief","Cite or Arrest Adult","Ingleside","Malicious Mischief, Vandalism to Property","220682569"
"2022-11-09 00:00:00","2022-11-09 00:01:00","Excelsior","Motor Vehicle Theft","Motor Vehicle Theft","Open or Active","Ingleside","Vehicle, Stolen, Auto","220771247"
"2022-11-09 00:00:00","2022-11-09 00:29:00","Russian Hill","Recovered Vehicle","Recovered Vehicle","Open or Active","Northern","Vehicle, Recovered, Auto","220660537"
"2022-11-09 00:00:00","2022-11-09 00:30:00","Mission","Motor Vehicle Theft","Motor Vehicle Theft","Open or Active","Mission","Vehicle, Stolen & Recovered","220770283"
"2022-11-09 00:00:00","2022-11-09 00:54:00","Western Addition","Assault","Assault","Open or Active","Northern","Battery","220769963"
"2022-11-09 00:00:00","2022-11-09 01:15:00","Financial District/South Beach","Assault","Assault","Cite or Arrest Adult","Southern","Assault, Aggravated, W/ Force","220769991"
"2022-11-09 00:00:00","2022-11-09 01:44:00","South of Market","Other Miscellaneous","Other Miscellaneous","Open or Active","Southern","Investigative Detention","220769985"
"2022-11-09 00:00:00","2022-11-09 01:44:00","South of Market","Vehicle Impounded","Vehicle Impounded","Open or Active","Southern","Vehicle, Impounded","220769985"
"2022-11-09 00:00:00","2022-11-09 01:49:00","Nob Hill","Burglary","Burglary","Open or Active","Central","Burglary, Store, Forcible Entry","220770001"
"2022-11-09 00:00:00","2022-11-09 02:00:00","West of Twin Peaks","Assault","Assault","Cite or Arrest Adult","Ingleside","Battery","220770114"
"2022-11-09 00:00:00","2022-11-09 02:20:00","Lone Mountain/USF","Motor Vehicle Theft","Motor Vehicle Theft","Open or Active","Park","Vehicle, Stolen, Truck","220770017"
"2022-11-09 00:00:00","2022-11-09 02:39:00","Oceanview/Merced/Ingleside","Larceny Theft","Larceny Theft","Open or Active","Taraval","Theft, Vehicle Strip, >$950","220770487"
"2022-11-09 00:00:00","2022-11-09 03:55:00","Visitacion Valley","Malicious Mischief","Malicious Mischief","Open or Active","Ingleside","Malicious Mischief, Vandalism to Property","220770067"
"2022-11-09 00:00:00","2022-11-09 04:05:00","Marina","Burglary","Burglary","Open or Active","Northern","Burglary, Store, Forcible Entry","220770073"
"2022-11-09 00:00:00","2022-11-09 04:30:00","South of Market","Recovered Vehicle","Recovered Vehicle","Open or Active","Southern","Vehicle, Recovered, Auto","220756186"
"2022-11-09 00:00:00","2022-11-09 04:56:00","West of Twin Peaks","Burglary","Burglary","Open or Active","Ingleside","Burglary, Hot Prowl, Forcible Entry","220770136"
"2022-11-09 00:00:00","2022-11-09 05:15:00","Noe Valley","Larceny Theft","Larceny Theft","Open or Active","Mission","Theft, From Locked Vehicle, Att.","220771407"
"2022-11-09 00:00:00","2022-11-09 05:45:00","Noe Valley","Malicious Mischief","Malicious Mischief","Open or Active","Mission","Malicious Mischief, Vandalism to Vehicle","220770186"
"2022-11-09 00:00:00","2022-11-09 06:54:00","Tenderloin","Drug Offense","Drug Offense","Cite or Arrest Adult","Tenderloin","Methamphetamine Offense","220770164"
"2022-11-09 00:00:00","2022-11-09 06:54:00","Tenderloin","Warrant","Warrant","Cite or Arrest Adult","Tenderloin","Warrant Arrest, Local SF Warrant","220770164"
"2022-11-09 00:00:00","2022-11-09 06:54:00","Tenderloin","Drug Offense","Drug Offense","Cite or Arrest Adult","Tenderloin","Opiates, Possession For Sale","220770164"
"2022-11-09 00:00:00","2022-11-09 07:51:00","Mission","Fraud","Fraud","Open or Active","Mission","Theft, False Pretenses, Felony","220771388"
"2022-11-09 00:00:00","2022-11-09 08:00:00","Oceanview/Merced/Ingleside","Larceny Theft","Larceny Theft","Open or Active","Ingleside","License Plate, Stolen","220771930"
"2022-11-09 00:00:00","2022-11-09 08:07:00","Bayview Hunters Point","Non-Criminal","Non-Criminal","Open or Active","Bayview","Mental Health Detention","220770299"
"2022-11-09 00:00:00","2022-11-09 08:10:00","Visitacion Valley","Motor Vehicle Theft","Motor Vehicle Theft","Open or Active","Ingleside","Vehicle, Stolen, Auto","220770380"
"2022-11-09 00:00:00","2022-11-09 08:14:00","Nob Hill","Recovered Vehicle","Recovered Vehicle","Open or Active","Central","Vehicle, Recovered, Auto","220770211"
"2022-11-09 00:00:00","2022-11-09 08:30:00","Russian Hill","Recovered Vehicle","Recovered Vehicle","Open or Active","Northern","Vehicle, Recovered, Motorcycle","220767365"
"2022-11-09 00:00:00","2022-11-09 08:36:00","South of Market","Drug Offense","Drug Offense","Cite or Arrest Adult","Southern","Methamphetamine, Possession For Sale","220770302"
"2022-11-09 00:00:00","2022-11-09 08:36:00","South of Market","Traffic Violation Arrest","Traffic Violation Arrest","Cite or Arrest Adult","Southern","Traffic Violation Arrest","220770302"
"2022-11-09 00:00:00","2022-11-09 08:36:00","South of Market","Drug Offense","Drug Offense","Cite or Arrest Adult","Southern","Cocaine, Base/rock, Possession For Sale","220770302"
"2022-11-09 00:00:00","2022-11-09 08:42:00","Mission","Other Miscellaneous","Other Miscellaneous","Open or Active","Mission","Investigative Detention","220770368"
"2022-11-09 00:00:00","2022-11-09 08:54:00","Mission","Traffic Violation Arrest","Traffic Violation Arrest","Cite or Arrest Adult","Mission","Traffic Violation Arrest","220770352"
"2022-11-09 00:00:00","2022-11-09 08:54:00","Mission","Other Miscellaneous","Other Miscellaneous","Cite or Arrest Adult","Mission","Driving, License Suspended or Revoked","220770352"
"2022-11-09 00:00:00","2022-11-09 09:00:00","North Beach","Larceny Theft","Larceny Theft","Open or Active","Central","Theft, From Locked Vehicle, $200-$950","220771059"
"2022-11-09 00:00:00","2022-11-09 09:00:00","Golden Gate Park","Missing Person","Missing Person","Open or Active","Taraval","Missing Adult","220771667"
"2022-11-09 00:00:00","2022-11-09 09:00:00","Tenderloin","Drug Offense","Drug Offense","Cite or Arrest Adult","Tenderloin","Cocaine, Base/rock, Possession For Sale","220770330"
"2022-11-09 00:00:00","2022-11-09 09:00:00","Tenderloin","Warrant","Warrant","Cite or Arrest Adult","Tenderloin","Probation Search","220770330"
"2022-11-09 00:00:00","2022-11-09 09:00:00","Tenderloin","Other Miscellaneous","Other Miscellaneous","Cite or Arrest Adult","Tenderloin","Probation Violation","220770330"
"2022-11-09 00:00:00","2022-11-09 09:00:00","Golden Gate Park","Missing Person","Missing Person","Open or Active","Taraval","Missing Adult","220771667"
"2022-11-09 00:00:00","2022-11-09 09:15:00","South of Market","Assault","Assault","Open or Active","Tenderloin","Assault, Aggravated, W/ Other Weapon","220770421"
"2022-11-09 00:00:00","2022-11-09 09:15:00","South of Market","Larceny Theft","Larceny Theft","Open or Active","Tenderloin","Theft, Other Property, $200-$950","220770421"
"2022-11-09 00:00:00","2022-11-09 09:20:00","Outer Richmond","Recovered Vehicle","Recovered Vehicle","Open or Active","Richmond","Vehicle, Recovered, Truck","220759027"
"2022-11-09 00:00:00","2022-11-09 09:41:00","South of Market","Drug Offense","Drug Offense","Cite or Arrest Adult","Southern","Loitering Where Narcotics are Sold/Used","220770459"
"2022-11-09 00:00:00","2022-11-09 09:41:00","South of Market","Drug Offense","Drug Offense","Cite or Arrest Adult","Southern","Narcotics Paraphernalia, Possession of","220770459"
"2022-11-09 00:00:00","2022-11-09 10:21:00","North Beach","Malicious Mischief","Malicious Mischief","Cite or Arrest Adult","Central","Malicious Mischief, Vandalism to Vehicle","220764076"
"2022-11-09 00:00:00","2022-11-09 10:22:00","Potrero Hill","Non-Criminal","Non-Criminal","Cite or Arrest Adult","Bayview","Stay Away or Court Order, Non-DV Related","220770700"
"2022-11-09 00:00:00","2022-11-09 10:24:00","South of Market","Drug Offense","Drug Offense","Cite or Arrest Adult","Southern","Opiates, Possession For Sale","220770556"
"2022-11-09 00:00:00","2022-11-09 10:24:00","South of Market","Drug Offense","Drug Offense","Cite or Arrest Adult","Southern","Cocaine, Base/rock, Possession For Sale","220770556"
"2022-11-09 00:00:00","2022-11-09 10:30:00","South of Market","Recovered Vehicle","Recovered Vehicle","Open or Active","Southern","Vehicle, Recovered, Auto","220764838"
"2022-11-09 00:00:00","2022-11-09 10:30:00","Twin Peaks","Larceny Theft","Larceny Theft","Open or Active","Park","Theft, From Locked Vehicle, >$950","220770772"
"2022-11-09 00:00:00","2022-11-09 10:43:00","South of Market","Drug Offense","Drug Offense","Cite or Arrest Adult","Southern","Loitering Where Narcotics are Sold/Used","220770590"
"2022-11-09 00:00:00","2022-11-09 10:43:00","South of Market","Drug Offense","Drug Offense","Cite or Arrest Adult","Southern","Narcotics Paraphernalia, Possession of","220770590"
"2022-11-09 00:00:00","2022-11-09 10:44:00","Mission","Warrant","Warrant","Cite or Arrest Adult","Mission","Warrant Arrest, Enroute To Outside Jurisdiction","220770829"
"2022-11-09 00:00:00","2022-11-09 10:44:00","Mission","Drug Offense","Drug Offense","Cite or Arrest Adult","Mission","Narcotics Paraphernalia, Possession of","220770829"
"2022-11-09 00:00:00","2022-11-09 10:44:00","Mission","Drug Offense","Drug Offense","Cite or Arrest Adult","Mission","Methamphetamine Offense","220770829"
"2022-11-09 00:00:00","2022-11-09 10:45:00","Tenderloin","Larceny Theft","Larceny Theft","Open or Active","Northern","Theft, From Person, >$950 (other than Pickpocket)","220770716"
"2022-11-09 00:00:00","2022-11-09 10:46:00","South of Market","Other","Other","Open or Active","Tenderloin","Death Report, Cause Unknown","220770681"
"2022-11-09 00:00:00","2022-11-09 10:50:00","North Beach","Larceny Theft","Larceny Theft","Open or Active","Central","Theft, From Locked Vehicle, >$950","220770841"
"2022-11-09 00:00:00","2022-11-09 11:00:00","North Beach","Larceny Theft","Larceny Theft","Open or Active","Central","Theft, From Locked Vehicle, $200-$950","220771366"
"2022-11-09 00:00:00","2022-11-09 11:00:00","Inner Sunset","Larceny Theft","Larceny Theft","Open or Active","Richmond","Theft, From Locked Vehicle, >$950","220770722"
"2022-11-09 00:00:00","2022-11-09 11:02:00","Bayview Hunters Point","Larceny Theft","Larceny Theft","Open or Active","Bayview","Theft, From Locked Vehicle, >$950","220770904"
"2022-11-09 00:00:00","2022-11-09 11:05:00","Twin Peaks","Larceny Theft","Larceny Theft","Open or Active","Park","Theft, From Locked Vehicle, $200-$950","220770766"
"2022-11-09 00:00:00","2022-11-09 11:15:00","Russian Hill","Traffic Collision","Traffic Collision","Open or Active","Northern","Traffic Collision","220708745"
"2022-11-09 00:00:00","2022-11-09 11:15:00","Mission Bay","Recovered Vehicle","Recovered Vehicle","Open or Active","Ingleside","Vehicle, Recovered, Auto","220417134"
"2022-11-09 00:00:00","2022-11-09 11:17:00","Outer Richmond","Larceny Theft","Larceny Theft","Open or Active","Richmond","Theft, From Locked Vehicle, >$950","220771015"
"2022-11-09 00:00:00","2022-11-09 11:18:00","Tenderloin","Missing Person","Missing Person","Open or Active","Northern","Found Person","220770813"
"2022-11-09 00:00:00","2022-11-09 11:20:00","Mission","Other Miscellaneous","Other Miscellaneous","Open or Active","Mission","Investigative Detention","220770835"
"2022-11-09 00:00:00","2022-11-09 11:20:00","North Beach","Larceny Theft","Larceny Theft","Open or Active","Central","Theft, From Locked Vehicle, >$950","220771021"
"2022-11-09 00:00:00","2022-11-09 11:20:00","Chinatown","Non-Criminal","Non-Criminal","Open or Active","Central","Mental Health Detention","220770788"
"2022-11-09 00:00:00","2022-11-09 11:28:00","Mission","Non-Criminal","Non-Criminal","Open or Active","Mission","Firearm, Turned In by Public","220770910"
"2022-11-09 00:00:00","2022-11-09 11:28:00","Mission","Non-Criminal","Non-Criminal","Open or Active","Mission","Found  Property","220770910"
"2022-11-09 00:00:00","2022-11-09 11:38:00","Bayview Hunters Point","Warrant","Warrant","Cite or Arrest Adult","Bayview","Warrant Arrest, Enroute To Parole","220770807"
"2022-11-09 00:00:00","2022-11-09 11:38:00","Bayview Hunters Point","Motor Vehicle Theft","Motor Vehicle Theft","Cite or Arrest Adult","Bayview","Vehicle, Stolen & Recovered","220770807"
"2022-11-09 00:00:00","2022-11-09 11:38:00","Bayview Hunters Point","Other Miscellaneous","Other Miscellaneous","Cite or Arrest Adult","Bayview","Resisting, Delaying, or Obstructing  Peace Officer Duties","220770807"
"2022-11-09 00:00:00","2022-11-09 11:52:00","Bayview Hunters Point","Recovered Vehicle","Recovered Vehicle","Open or Active","Bayview","Vehicle, Recovered, Auto","220750564"
"2022-11-09 00:00:00","2022-11-09 12:00:00","West of Twin Peaks","Disorderly Conduct","Disorderly Conduct","Open or Active","Taraval","Incident On School Grounds","220771899"
"2022-11-09 00:00:00","2022-11-09 12:00:00","West of Twin Peaks","Assault","Assault","Open or Active","Taraval","Assault, Aggravated, W/ Force","220771899"
"2022-11-09 00:00:00","2022-11-09 12:00:00","Outer Richmond","Larceny Theft","Larceny Theft","Open or Active","Richmond","Theft, From Locked Vehicle, >$950","220771231"
"2022-11-09 00:00:00","2022-11-09 12:03:00","Lone Mountain/USF","Assault","Assault","Open or Active","Park","Battery","220771316"
"2022-11-09 00:00:00","2022-11-09 12:04:00","Bayview Hunters Point","Motor Vehicle Theft","Motor Vehicle Theft","Open or Active","Bayview","Vehicle, Recovered, Stolen outside SF","220770863"
"2022-11-09 00:00:00","2022-11-09 12:15:00","Castro/Upper Market","Assault","Assault","Open or Active","Mission","Assault, Aggravated, W/ Other Weapon","220771009"
"2022-11-09 00:00:00","2022-11-09 12:15:00","Tenderloin","Assault","Assault","Open or Active","Tenderloin","Battery","220770960"
"2022-11-09 00:00:00","2022-11-09 12:15:00","Castro/Upper Market","Assault","Assault","Open or Active","Mission","Battery","220771009"
"2022-11-09 00:00:00","2022-11-09 13:00:00","Castro/Upper Market","Non-Criminal","Non-Criminal","Open or Active","Mission","Dog, Bite or Attack","220771043"
"2022-11-09 00:00:00","2022-11-09 13:00:00","Castro/Upper Market","Assault","Assault","Open or Active","Mission","Battery","220771043"
"2022-11-09 00:00:00","2022-11-09 13:01:00","North Beach","Miscellaneous Investigation","Miscellaneous Investigation","Open or Active","Central","Miscellaneous Investigation","220771162"
"2022-11-09 00:00:00","2022-11-09 13:30:00","Financial District/South Beach","Motor Vehicle Theft","Motor Vehicle Theft","Open or Active","Southern","Vehicle, Stolen, Auto","220772063"
"2022-11-09 00:00:00","2022-11-09 13:30:00","Golden Gate Park","Larceny Theft","Larceny Theft","Open or Active","Park","Theft, From Locked Vehicle, >$950","220771695"
"2022-11-09 00:00:00","2022-11-09 13:40:00","Golden Gate Park","Larceny Theft","Larceny Theft","Open or Active","Richmond","Theft, From Locked Vehicle, >$950","220771714"
"2022-11-09 00:00:00","2022-11-09 13:42:00","South of Market","Drug Offense","Drug Offense","Cite or Arrest Adult","Southern","Loitering Where Narcotics are Sold/Used","220771140"
"2022-11-09 00:00:00","2022-11-09 13:42:00","South of Market","Drug Offense","Drug Offense","Cite or Arrest Adult","Southern","Narcotics Paraphernalia, Possession of","220771140"
"2022-11-09 00:00:00","2022-11-09 14:03:00","Tenderloin","Non-Criminal","Non-Criminal","Open or Active","Tenderloin","Mental Health Detention","220771300"
"2022-11-09 00:00:00","2022-11-09 14:16:00","Western Addition","Malicious Mischief","Malicious Mischief","Open or Active","Northern","Malicious Mischief, Vandalism to Property","220718631"
"2022-11-09 00:00:00","2022-11-09 14:20:00","South of Market","Suspicious Occ","Suspicious Occ","Open or Active","Tenderloin","Suspicious Occurrence","220771344"
"2022-11-09 00:00:00","2022-11-09 14:20:00","South of Market","Courtesy Report","Courtesy Report","Open or Active","Tenderloin","Courtesy Report","220771344"
"2022-11-09 00:00:00","2022-11-09 14:20:00","Bernal Heights","Malicious Mischief","Malicious Mischief","Open or Active","Ingleside","Malicious Mischief, Vandalism to Property","220771736"
"2022-11-09 00:00:00","2022-11-09 14:20:00","Bernal Heights","Assault","Assault","Open or Active","Ingleside","Battery","220771736"
"2022-11-09 00:00:00","2022-11-09 14:24:00","South of Market","Warrant","Warrant","Cite or Arrest Adult","Southern","Warrant Arrest, Enroute To Outside Jurisdiction","220771322"
"2022-11-09 00:00:00","2022-11-09 14:24:00","South of Market","Drug Offense","Drug Offense","Cite or Arrest Adult","Southern","Narcotics Paraphernalia, Possession of","220771322"
"2022-11-09 00:00:00","2022-11-09 14:25:00","South of Market","Miscellaneous Investigation","Miscellaneous Investigation","Unfounded","Southern","Miscellaneous Investigation","220429929"
"2022-11-09 00:00:00","2022-11-09 14:25:00","South of Market","Case Closure","Case Closure","Unfounded","Southern","Case Closure","220429929"
"2022-11-09 00:00:00","2022-11-09 14:40:00","Tenderloin","Drug Offense","Drug Offense","Cite or Arrest Adult","Northern","Narcotics Paraphernalia, Possession of","220771429"
"2022-11-09 00:00:00","2022-11-09 14:40:00","Tenderloin","Drug Offense","Drug Offense","Cite or Arrest Adult","Northern","Controlled Substance, Possession For Sale","220771429"
"2022-11-09 00:00:00","2022-11-09 14:40:00","Sunset/Parkside","Larceny Theft","Larceny Theft","Open or Active","Taraval","Theft, Shoplifting, >$950","220771918"
"2022-11-09 00:00:00","2022-11-09 14:40:00","Tenderloin","Drug Offense","Drug Offense","Cite or Arrest Adult","Northern","Methamphetamine, Possession For Sale","220771429"
"2022-11-09 00:00:00","2022-11-09 14:45:00","Mission","Drug Offense","Drug Offense","Cite or Arrest Adult","Mission","Methamphetamine Offense","220771504"
"2022-11-09 00:00:00","2022-11-09 14:45:00","Mission","Warrant","Warrant","Cite or Arrest Adult","Mission","Warrant Arrest, Enroute To Outside Jurisdiction","220771504"
"2022-11-09 00:00:00","2022-11-09 14:46:00","South of Market","Malicious Mischief","Malicious Mischief","Cite or Arrest Adult","Tenderloin","Malicious Mischief, Vandalism to Property","220771764"
"2022-11-09 00:00:00","2022-11-09 14:51:00","Marina","Robbery","Robbery","Open or Active","Northern","Robbery, Street or Public Place, W/ Gun","220771441"
"2022-11-09 00:00:00","2022-11-09 14:51:00","Marina","Assault","Assault","Open or Active","Northern","False Imprisonment","220771441"
"2022-11-09 00:00:00","2022-11-09 14:58:00","South of Market","Warrant","Warrant","Cite or Arrest Adult","Southern","Warrant Arrest, Enroute To Outside Jurisdiction","220771435"
"2022-11-09 00:00:00","2022-11-09 15:13:00","Financial District/South Beach","Larceny Theft","Larceny Theft","Cite or Arrest Adult","Tenderloin","Theft, Shoplifting, $200-$950","220771645"
"2022-11-09 00:00:00","2022-11-09 15:15:00","Bayview Hunters Point","Larceny Theft","Larceny Theft","Open or Active","Central","Theft, From Locked Vehicle, $200-$950","220772609"
"2022-11-09 00:00:00","2022-11-09 15:17:00","Bayview Hunters Point","Recovered Vehicle","Recovered Vehicle","Open or Active","Bayview","Vehicle, Recovered, Auto","220690948"
"2022-11-09 00:00:00","2022-11-09 15:50:00","Mission","Larceny Theft","Larceny Theft","Open or Active","Mission","Theft, From Locked Vehicle, $200-$950","220772091"
"2022-11-09 00:00:00","2022-11-09 15:55:00","Tenderloin","Other Miscellaneous","Other Miscellaneous","Cite or Arrest Adult","Tenderloin","Probation Violation","220771617"
"2022-11-09 00:00:00","2022-11-09 15:55:00","Tenderloin","Warrant","Warrant","Cite or Arrest Adult","Tenderloin","Warrant Arrest, Local SF Warrant","220771617"
"2022-11-09 00:00:00","2022-11-09 16:10:00","Excelsior","Motor Vehicle Theft","Motor Vehicle Theft","Open or Active","Ingleside","Vehicle, Stolen, Auto","220771952"
"2022-11-09 00:00:00","2022-11-09 16:25:00","Chinatown","Other Miscellaneous","Other Miscellaneous","Open or Active","Central","Defrauding Providers of Food, Fuel, Services, or Accommodations","220772182"
"2022-11-09 00:00:00","2022-11-09 16:25:00","Chinatown","Disorderly Conduct","Disorderly Conduct","Open or Active","Central","Terrorist Threats","220772182"
"2022-11-09 00:00:00","2022-11-09 16:35:00","Presidio","Robbery","Robbery","Open or Active","Northern","Robbery, Att., Street or Public Place, W/ Gun","220771770"
"2022-11-09 00:00:00","2022-11-09 16:37:00","Hayes Valley","Larceny Theft","Larceny Theft","Cite or Arrest Adult","Northern","Burglary, Vehicle (Arrest made)","220771902"
"2022-11-09 00:00:00","2022-11-09 16:37:00","Hayes Valley","Other Miscellaneous","Other Miscellaneous","Cite or Arrest Adult","Northern","Conspiracy","220771902"
"2022-11-09 00:00:00","2022-11-09 16:37:00","Hayes Valley","Warrant","Warrant","Cite or Arrest Adult","Northern","Warrant Arrest, Local SF Warrant","220771902"
"2022-11-09 00:00:00","2022-11-09 16:45:00","Sunset/Parkside","Non-Criminal","Non-Criminal","Open or Active","Taraval","Found  Property","220771792"
"2022-11-09 00:00:00","2022-11-09 16:45:00","Tenderloin","Drug Offense","Drug Offense","Cite or Arrest Adult","Northern","Opiates, Possession For Sale","220772035"
"2022-11-09 00:00:00","2022-11-09 16:45:00","Tenderloin","Drug Offense","Drug Offense","Cite or Arrest Adult","Northern","Heroin, Possession For Sale","220772035"
"2022-11-09 00:00:00","2022-11-09 16:45:00","Tenderloin","Drug Offense","Drug Offense","Cite or Arrest Adult","Northern","Methamphetamine, Possession For Sale","220772035"
"2022-11-09 00:00:00","2022-11-09 16:54:00","Presidio Heights","Lost Property","Lost Property","Open or Active","Richmond","Lost Property","220772364"
"2022-11-09 00:00:00","2022-11-09 17:00:00","Mission","Other","Other","Open or Active","Mission","Death Report, Cause Unknown","220771883"
"2022-11-09 00:00:00","2022-11-09 17:05:00","South of Market","Drug Offense","Drug Offense","Cite or Arrest Adult","Southern","Cocaine, Base/rock, Possession For Sale","220772160"
"2022-11-09 00:00:00","2022-11-09 17:05:00","South of Market","Drug Offense","Drug Offense","Cite or Arrest Adult","Southern","Controlled Substance, Possession For Sale","220772160"
"2022-11-09 00:00:00","2022-11-09 17:05:00","South of Market","Weapons Carrying Etc","Weapons Carrying Etc","Cite or Arrest Adult","Southern","Switchblade Knife, Possession","220772160"
"2022-11-09 00:00:00","2022-11-09 18:00:00","Western Addition","Recovered Vehicle","Recovered Vehicle","Open or Active","Northern","Vehicle, Recovered, Auto","220760870"
"2022-11-09 00:00:00","2022-11-09 18:01:00","Mission","Suspicious Occ","Suspicious Occ","Open or Active","Mission","Suspicious Occurrence","220772057"
"2022-11-09 00:00:00","2022-11-09 18:10:00","Inner Sunset","Non-Criminal","Non-Criminal","Open or Active","Park","Aided Case","220772154"
"2022-11-09 00:00:00","2022-11-09 18:20:00","Mission","Robbery","Robbery","Open or Active","Mission","Robbery, Att., W/ Gun","220772524"
"2022-11-09 00:00:00","2022-11-09 18:24:00","West of Twin Peaks","Recovered Vehicle","Recovered Vehicle","Open or Active","Ingleside","Vehicle, Recovered, Auto","220747981"
"2022-11-09 00:00:00","2022-11-09 18:33:00","Tenderloin","Other Miscellaneous","Other Miscellaneous","Cite or Arrest Adult","Tenderloin","Resisting, Delaying, or Obstructing  Peace Officer Duties","220772126"
"2022-11-09 00:00:00","2022-11-09 18:33:00","Tenderloin","Drug Offense","Drug Offense","Cite or Arrest Adult","Tenderloin","Opiates, Possession For Sale","220772126"
"2022-11-09 00:00:00","2022-11-09 18:33:00","Tenderloin","Drug Offense","Drug Offense","Cite or Arrest Adult","Tenderloin","Methamphetamine, Possession For Sale","220772126"
"2022-11-09 00:00:00","2022-11-09 18:38:00","Tenderloin","Assault","Assault","Open or Active","Tenderloin","Battery","220772104"
"2022-11-09 00:00:00","2022-11-09 18:52:00","Mission","Assault","Assault","Open or Active","Mission","Battery","220772176"
"2022-11-09 00:00:00","2022-11-09 19:07:00","Mission","Assault","Assault","Open or Active","Mission","Battery","220772267"
"2022-11-09 00:00:00","2022-11-09 19:30:00","Western Addition","Non-Criminal","Non-Criminal","Open or Active","Central","Found  Property","220772502"
"2022-11-09 00:00:00","2022-11-09 19:31:00","Financial District/South Beach","Non-Criminal","Non-Criminal","Cite or Arrest Adult","Central","Stay Away or Court Order, Non-DV Related","220772295"
"2022-11-09 00:00:00","2022-11-09 19:31:00","Financial District/South Beach","Drug Offense","Drug Offense","Cite or Arrest Adult","Central","Narcotics Paraphernalia, Possession of","220772295"
"2022-11-09 00:00:00","2022-11-09 19:31:00","Financial District/South Beach","Malicious Mischief","Malicious Mischief","Cite or Arrest Adult","Central","Malicious Mischief, Vandalism to Vehicle","220772295"
"2022-11-09 00:00:00","2022-11-09 19:33:00","Inner Richmond","Larceny Theft","Larceny Theft","Open or Active","Richmond","Theft, Shoplifting, <$50","220772198"
"2022-11-09 00:00:00","2022-11-09 19:50:00","Russian Hill","Larceny Theft","Larceny Theft","Open or Active","Central","Theft, From Locked Vehicle, <$50","220772273"
"2022-11-09 00:00:00","2022-11-09 20:00:00","Financial District/South Beach","Non-Criminal","Non-Criminal","Open or Active","Central","Found  Property","220772289"
"2022-11-09 00:00:00","2022-11-09 20:05:00","Lakeshore","Larceny Theft","Larceny Theft","Open or Active","Taraval","Theft, From Locked Vehicle, $200-$950","220772370"
"2022-11-09 00:00:00","2022-11-09 20:30:00","Sunset/Parkside","Non-Criminal","Non-Criminal","Open or Active","Taraval","Found  Property","220771792"
"2022-11-09 00:00:00","2022-11-09 20:49:00","North Beach","Recovered Vehicle","Recovered Vehicle","Open or Active","Central","Vehicle, Recovered, Auto","220764383"
"2022-11-09 00:00:00","2022-11-09 21:00:00","Tenderloin","Assault","Assault","Open or Active","Tenderloin","Assault, Aggravated, W/ Knife","220765369"
"2022-11-09 00:00:00","2022-11-09 21:00:00","Castro/Upper Market","Larceny Theft","Larceny Theft","Open or Active","Mission","Theft, From Locked Vehicle, >$950","220772433"
"2022-11-09 00:00:00","2022-11-09 22:12:00","Tenderloin","Recovered Vehicle","Recovered Vehicle","Open or Active","Tenderloin","Vehicle, Recovered, Motorcycle","220662812"
"2022-11-09 00:00:00","2022-11-09 22:24:00","Tenderloin","Non-Criminal","Non-Criminal","Open or Active","Tenderloin","Aided case, Naloxone Deployment","220772621"
